medienvertrauen,verschwoerungsideologie,medienskepsis,medienzynismus,politikvertrauen,politikverdrossenheit
5.2,2.31,8.65,5.36,10,2.14
3.85,6.59,6.77,5.8,3.61,9.84
3.32,2.3,8.24,5.09,5.78,1.49
8.95,8.48,4.84,7.19,2.58,1.92
9.52,8.97,4.19,7.89,4.36,1
8.07,2.16,6.76,6.39,6.25,5.39
3.61,8.46,7.6,5.16,5.62,1
5.23,2.33,7.14,5.74,5.54,9.46
7.13,8.15,6.89,6.31,5.22,5.61
5.51,2.18,9.46,5.8,7.43,5.66
4.44,8.51,8.03,5.75,6.57,5.39
4.61,9.89,8.18,5.64,7.51,5.55
3.04,8.1,6.67,5.16,3.68,8.86
9.87,7.16,3.9,9.12,6.61,1.87
5.27,9.72,7.89,5.44,4.87,5.12
5.07,8.16,7.82,5.71,5.54,9.73
4,8.69,7.27,5.76,7.51,5.34
1.09,1.84,3.19,1.55,10,2.25
7.72,5.49,6.64,6.18,4.28,5.12
1.48,4.2,4.06,2.62,5.11,9.4
3.32,4.36,5.96,5.15,5.18,5.12
8.29,9.52,5.01,6.45,5.07,1.65
3.17,6.84,6.36,5.21,8.22,1.92
7.74,2,5.66,5.73,3.61,9.95
6.89,8.62,6.63,6.08,3.64,9.19
6.93,3.46,7.39,6.02,8.89,1.22
5.25,5.1,8.34,5.61,4,1.05
1.48,4.2,3.63,2.14,9.45,1.76
4.7,8.98,7.68,6.2,5.11,1
4.79,1.74,7.18,6.06,6.57,9.02
6.12,6.93,7.43,6.08,4.63,8.86
6.87,1.9,8.49,5.68,1.91,2.3
8.23,2.08,6.15,6.3,6.92,8.64
1.68,2.64,3.02,2.79,2.97,1.49
9.74,5.84,3.47,9.02,3.76,10
2.55,1.9,6.32,4.41,8.14,1.92
4.88,8.1,8.57,5.42,5.11,1.38
6.45,1.77,8.04,5.75,3.21,1.11
3.76,3.7,7.3,5.58,9.92,1.81
6.3,2.23,8.04,5.74,3.61,9.57
3.58,8.69,7.38,5.31,5.18,8.75
4.44,6.21,7.34,5.83,7,5.72
4.46,8.48,8.29,5.55,4.2,8.81
5.71,8.46,7.37,5.84,6.88,1.11
4.55,8.66,7.38,5.65,5.22,5.77
5.55,8.51,7.96,5.91,4.75,5.72
5.64,8.62,8.56,5.89,3.37,1.16
9.3,8.28,5.86,7.98,5.14,9.4
3.63,6.77,7.7,5.54,7.75,5.83
4.7,8.66,8.31,5.54,6.13,9.4
4.72,4.95,7.48,6.05,5.62,9.62
5.62,9.11,7.9,5.26,3.29,1.05
3.36,8.02,7.31,5.25,6.64,1.92
6.15,3.02,6.44,6.04,6.96,1.11
3.5,9.05,6.19,5.16,7.04,4.85
1.13,2.08,3.57,1.78,5.78,5.23
4.57,8.49,7.15,5.55,6.61,9.02
6.36,4.48,8.08,5.69,9.96,1.7
1.79,4.43,3.89,3.05,4.16,1.11
4.57,8.62,8.13,5.56,4.24,8.86
2.34,6.03,4.99,4.17,3.84,5.01
7.37,1.98,7.41,6.11,4.75,1.54
4.04,8.54,7.87,5.27,2.26,1.81
6.63,9.08,8.13,5.8,8.18,1.54
2.09,2.02,4.29,3.6,4.28,1.65
6.87,3.89,8.64,5.83,5.07,9.02
3.56,9.13,7.59,5.15,5.62,9.46
3.3,8.2,6.78,4.78,6.96,5.77
5.97,7.18,7.88,5.97,4.16,9.78
2.91,4.69,6.14,4.97,6.68,4.96
6.39,7.75,7.33,5.91,2.58,1.16
6.91,8.56,7.83,6.08,6.45,8.59
5.88,2.28,8.36,6.01,5.66,2.03
6.12,8.52,8.37,5.9,6.17,4.9
5.88,4.41,7.93,5.55,4.32,5.72
3.63,8.84,6.29,5.43,10,2.08
4.13,7.02,7.41,5.49,1.87,2.41
6.34,7.18,7.68,5.5,7,1.98
2.34,5.8,5.45,4.51,1.08,1.98
9.78,7.39,2.52,8.8,6.88,4.9
6.76,8.92,6.19,5.72,4.83,5.39
9.5,9.69,4.9,8.22,5.82,1.33
2.38,2.16,4.8,4.13,4.32,1.16
6.01,6.44,7.81,5.65,7.75,5.72
3.93,6.54,6.97,5.53,9.45,1.6
5.95,6.34,7.59,5.49,5.62,9.19
4.64,6.85,7.51,5.62,3.61,9.24
6.52,6.77,7.38,5.75,5.7,5.66
9.1,5.52,3.39,7.52,3.68,9.13
1.99,2.38,4.02,3.51,9.96,1.11
3.78,9,5.16,5.85,7,8.7
3.89,7.97,7.41,5.41,3.88,5.28
6.04,6.28,7.85,5.72,3.45,4.8
6.21,6.16,8.34,5.4,3.68,9.73
5.75,8.49,8.74,5.62,5.7,5.66
7.07,8.84,7.04,5.67,8.26,1.49
1.39,3.02,3.81,2.5,3.49,5.01
5.62,8.49,7.66,6.5,4.87,9.51
5.6,8.61,7.33,5.7,2.58,1.38
4.44,6.38,6.36,5.66,3.41,5.66
1.39,4.08,4.3,2.11,10,2.36
1.64,4.33,5.21,3.22,5.22,5.28
4.02,2.89,6.77,5.51,7.32,9.51
5.55,2.2,7.76,5.62,5.18,8.7
9.96,6.77,2.55,9.14,4.08,1.92
5.12,9.95,8.6,5.61,6.09,8.97
4.68,8.49,7.8,5.93,6.05,9.24
2.31,1.84,5.47,4.26,3.96,1.49
6.96,1.89,6.96,5.76,3.84,1.43
9.96,6.59,2.75,9.71,7.51,9.3
5.8,8.62,7.3,5.84,4.36,5.12
5.99,9.11,7.72,5.78,4.08,9.95
5.62,7.93,7.52,5.59,3.64,9.95
9.15,9.79,4.72,7.78,3.45,1.7
5.01,2.16,8.38,5.71,3.53,1.92
5.34,9.07,7.64,5.83,8.03,1.7
6.47,7.66,7.52,5.84,6.57,9.35
6.21,8.82,7.92,5.78,1.32,1.11
9.1,5.52,5.48,7.23,5.78,5.07
4.74,7.15,7.32,5.62,1.28,1.16
6.12,3.11,7.14,5.78,4.75,1.27
3.96,9.57,7.12,5.53,5.14,8.64
6.06,9.49,7.72,5.57,9.49,1.11
6.41,1.38,7.49,5.68,6.45,8.64
6.04,6.92,7.6,5.87,6.17,1.65
5.4,6.89,9.41,5.25,8.5,1.49
8.77,8.16,4.23,7.08,5.46,1.05
5.34,7.87,7.86,5.11,3.64,9.84
9.8,8.26,3.83,8.97,4.36,9.13
6.45,1.72,7.42,5.34,7.43,5.17
6.28,7.39,6.77,5.74,2.34,1.65
7.61,2.05,6.43,5.99,1.2,1.33
3.04,8.1,5.77,5.17,1.16,1.49
3.06,3.15,6.58,4.5,9.41,1.27
5.2,9.97,8.8,5.49,8.03,1.54
2.91,2.59,5.95,4.78,6.13,9.3
7.39,1.79,8.74,6.03,5.7,5.28
5.84,7.89,7.84,5.92,5.7,5.39
5.49,7.72,8.32,5.8,8.42,1.49
4.85,6.84,8.17,5.55,3.88,5.23
5.62,8.54,7.52,5.77,3.45,5.12
6.78,4,8,5.72,3.45,1.05
6.47,7.64,8.35,5.62,6.96,8.64
5.82,8.64,8.23,5.49,3.88,4.9
8.73,9.39,4.82,7,5.07,2.36
6.78,2.33,7.27,5.69,3.92,1.43
7.81,8.84,5.92,6.09,4.67,1.54
1.99,1.8,4.73,4.02,5.14,9.02
4.37,5.49,7.31,5.88,2.62,1.22
4.31,8.3,7.93,5.65,2.93,1.54
5.2,4.92,7.82,5.83,7.12,9.4
4.72,2.07,7.39,5.54,5.26,5.66
8.18,8,6.54,6.33,1.87,2.03
9.45,9.67,3.97,8.21,4.04,5.77
9.96,6.52,3.56,9.68,3.88,1.33
9.76,8.16,2.74,8.89,4.36,1.22
4.35,8.69,8.11,5.56,5.03,8.7
5.86,7.69,8.21,5.73,3.88,1.38
1.26,3.41,3.44,2.55,9.49,1.65
4.85,2.21,7.36,5.67,7,9.24
3.8,8.08,7.13,5.36,4.67,2.14
6.54,6.8,7.92,5.81,5.74,5.34
8.23,7.98,5.64,6.44,4.99,9.51
6.12,7.3,7.56,6.09,7.04,9.4
2.86,8.56,5.77,4.82,8.38,1
2.34,5.8,4.75,4.09,8.22,1.98
5.38,7.13,9.04,5.8,5.11,1.27
3.87,7.31,7.27,5.54,7.12,5.45
5.58,2.26,8.21,5.59,4.71,9.46
9.91,7.07,3.36,9.18,4.83,4.96
3.41,4.28,7.29,5.17,4.36,1.7
6.58,5.77,6.97,5.56,3.41,5.39
3.34,2.07,8,5.28,4.24,8.86
9.34,5.59,3.28,7.92,3.53,1.33
6.36,2.25,8.77,5.69,6.96,4.9
1.35,1.93,4.28,2.01,5.18,5.5
6.82,3.93,7.76,6.03,4.99,8.64
4.5,2.36,7.37,5.95,7.28,9.46
3.8,8.66,6.96,5.13,3.8,4.96
4.11,6.95,7.38,5.4,4.79,5.17
8.31,7.9,7.15,6.25,5.74,1.43
5.27,9.98,7.67,5.73,9.45,1.05
1.57,2.25,3.84,2.96,4.63,8.92
6.34,8.57,8.89,5.72,6.92,4.85
6.61,7.44,7.95,5.73,4.12,1.98
7.39,5.49,7.56,5.93,7,9.51
6.72,5.43,7.86,5.67,8.89,1.76
5.03,4.72,7.1,5.63,6.37,8.54
4.79,2.15,8.15,5.17,4.04,1.98
7,5.44,6.89,5.72,4.32,9.19
3.98,9.08,6.8,5.45,2.58,1.43
6.93,2.54,7.31,5.5,6.8,5.83
5.97,2.43,7.74,5.11,1.39,1.38
6.1,9.75,6,5.35,4.79,5.45
1.39,3.02,2.67,2.8,3.8,4.85
3.8,6.61,6.99,5.67,6.21,1.43
9.23,9.33,3.99,7.55,4.32,1.49
4.66,6.85,7.89,5.69,4.67,5.72
6.67,7.9,7.98,5.62,5.58,8.7
2.07,4.64,5.59,3.68,6.96,8.75
6.39,8.15,8.2,5.68,4.28,5.01
5.69,8.49,7.79,5.39,7.12,1.11
7.46,6.87,7.45,5.94,3.49,6.15
6.36,4.41,7.39,5.66,6.72,5.77
6.32,7.07,7.71,5.82,7.43,4.96
5.38,8.48,8.17,5.56,7.51,1.81
5.27,8.79,8.58,5.88,4.63,8.81
6.41,8.98,7.58,5.75,6.64,5.28
5.71,4.08,8.27,5.6,8.58,1.05
7.5,1.79,7.18,5.93,1.16,1.49
9.82,8.3,2.65,9.34,5.82,1.98
1.13,2.08,3.44,1.99,5.38,9.51
5.31,9.07,8.18,5.48,7.43,5.17
6.58,6.89,7.17,5.57,7.04,5.28
4.68,8.49,7.6,5.91,3.84,1.38
3.76,8.13,7.13,5.24,4.28,9.67
5.03,9.92,9.41,6.1,4.79,5.45
9.47,5.64,3.94,8.09,7.47,9.02
6.15,8.87,9.28,5.61,8.26,1.54
6.26,4.3,7.04,5.76,3.84,5.17
2.93,8.3,6.05,4.84,5.34,5.66
9.72,7.56,3.16,8.86,5.3,5.61
6.15,2.93,7.99,5.37,7.47,5.12
1.44,2.95,3.12,2.41,4.87,5.55
4.79,1.3,6.98,5.91,7.43,1.16
5.45,6.84,8.04,5.79,5.46,1.7
8.91,8.11,5.12,7.42,7.47,1.16
3.26,8.3,7.17,4.91,5.18,5.66
6.17,2.82,7.01,5.66,4.79,5.01
6.26,1.25,6.33,5.91,1.91,1.22
4.79,1.84,8.28,6.04,7.47,4.85
1.81,2.33,4.43,3.01,4.95,9.46
5.8,8.38,8.26,5.58,4,5.72
5.82,7.2,6.52,5.71,3.45,5.39
9.23,9.54,4.89,7.73,6.61,1.16
6.1,1.15,7.19,5.49,5.46,1.11
4.18,7.25,5.82,6.06,4.36,1.81
3.89,7.87,7.03,5.48,5.62,1.05
5.4,6.85,8.39,5.44,6.84,4.8
3.28,7.97,6.38,5.29,5.14,1.76
6.61,5.72,7.03,5.6,6.61,1.6
8.45,9.69,6.14,6.85,4.32,9.62
4.96,7.84,7.22,6.01,2.97,1.81
6.91,3.82,7.97,6.02,4.67,1.38
5.71,8.95,7.97,5.62,9.92,2.19
6.06,6.93,8.49,5.96,5.7,5.34
7.39,2.11,6.11,5.71,5.7,5.07
5.4,8.44,8.93,5.41,3.45,1.7
9.96,6.64,2.7,9.45,6.68,1.98
9.74,8.11,4.5,8.89,5.14,8.64
1.33,3.16,3.35,2.27,7.63,5.66
5.27,7.15,7.59,5.57,3.61,9.62
6.85,8.2,7.35,5.71,6.64,1.11
3.82,7.08,6.89,5.6,5.46,9.46
3.58,7.72,5.32,5.55,9.96,2.46
6.01,6.3,8.52,5.37,8.14,1.87
9.96,6.82,3.04,9.21,5.07,1.16
3.96,3,8.48,5.72,5.22,5.12
6.72,7.93,8.74,5.71,6.84,1.05
7.64,1.79,6.71,5.88,7.12,9.46
6.3,7.84,7.93,5.76,4.32,1.05
6.43,4.23,7.37,5.51,6.17,4.96
4.39,9.72,7.86,5.86,3.17,1
7.28,2,6.69,5.5,5.42,1.11
4.83,9.92,6.75,5.74,5.11,2.36
4.59,8.59,7.56,5.86,5.18,5.77
5.84,9.82,7.9,6.03,5.22,5.01
4.48,8.67,6.92,5.3,3.96,8.59
3.04,8.1,7.21,5.31,7.47,4.96
9.98,9.13,2.7,10,5.5,5.77
6.58,7.48,8.08,6.19,3.68,8.97
5.75,8.48,8.16,5.88,3.05,1.05
6.23,2.51,7.98,5.47,8.07,1.27
4.94,7.84,7.96,5.7,3.49,4.85
5.58,8.56,6.06,5.6,4.28,9.02
6.06,6.28,8.78,5.64,8.93,1.33
5.18,4.61,8.83,5.33,5.78,5.55
6.32,8.67,7.58,5.83,4.32,1.6
6.45,4.52,7.13,5.89,4.16,8.64
1.42,2.98,3.92,1.83,6.68,1.05
4.59,1.28,7.41,5.79,9.49,1.76
3.01,2.43,5.77,4.63,5.46,1.76
3.67,6.74,6.6,5.45,1.39,1.11
6.08,6.26,8.39,5.91,8.58,1.81
3.34,2.23,6.35,5.13,7.99,1.65
8.49,9.67,6.26,6.71,6.64,4.9
2.86,2.87,6.38,4.7,3.45,1.05
2.75,2.07,6.45,4.3,5.14,1.87
5.66,8.54,8.04,5.42,5.58,9.51
5.91,1.1,7.64,5.52,8.3,1.05
6.32,7.51,7.99,5.86,5.82,5.61
4.39,7.74,8.66,5.52,6.05,9.13
3.85,9.03,6.83,5.48,5.74,4.8
2.34,6.03,4.93,4.32,4.24,1.92
4.74,6.87,8.38,5.45,7.08,1.11
5.4,6.85,8.2,5.85,8.89,1.38
4.18,7.16,7.96,5.45,8.93,1.87
8.62,8.67,5.95,6.89,2.5,1.05
6.89,8.62,6.81,6.1,4.28,5.77
7.7,5.49,7.21,6.49,4.36,1.05
4.5,8.43,7.35,5.9,6.37,8.54
5.88,7.75,8.61,5.58,3.49,1.27
4.55,7.16,8.21,5.59,4.08,8.64
9.93,6.34,2.93,9.14,3.41,5.83
4.44,6.2,7.64,5.82,6.64,1.22
6.01,6.9,8.08,5.63,3.8,1.27
7.07,2.43,7.64,5.84,1,1.98
4.81,9.03,7.74,5.46,8.89,1.11
2.34,5.79,4.65,4.5,5.82,1.27
2.62,1.95,5.09,4.23,6.61,9.08
6.32,7.51,7.55,5.43,3.45,5.01
5.82,8.43,8.03,5.81,5.54,1.54
3.56,7.75,8.12,5.54,9.45,1.27
4.33,8.3,7.09,5.32,2.58,1.11
2.88,8.38,5.24,4.89,3.8,5.45
7.28,1.8,6.45,5.63,9.92,1.65
7.9,1.87,5.69,6.51,5.74,8.54
7.33,5.49,8,5.9,2.66,1.38
5.4,1.02,8.18,5.58,8.34,1.05
5.53,4.31,7.62,5.73,4.67,1.16
8.97,8.43,5.49,7.35,6.57,5.5
4.5,8.64,8.94,5.46,6.21,9.51
7.74,1.8,5.39,5.89,5.42,9.57
1.24,3.66,2.84,1.83,5.11,2.36
5.66,4.15,7.4,6.08,9.92,1.54
6.36,9.3,7.14,5.84,4.91,9.46
6.85,8.16,6.51,6.06,2.3,1.92
4.15,9.52,8.06,5.31,9.41,1.49
6.96,8.82,8.29,5.74,3.92,1.49
4.94,8.79,7.4,5.52,6.17,1.87
3.89,7.36,5.55,5.15,2.93,1.43
4.53,8.61,7.1,5.99,6.96,1.98
5.38,7.15,7.23,5.54,5.11,8.97
6.23,8.8,9.06,6.01,4.87,4.85
6.8,7.97,7.85,6.06,4.12,9.84
8.55,9.62,6.13,7.04,6.72,1.98
8.03,1.87,5.87,6.3,7.51,5.5
7.48,2.26,7.02,5.98,6.61,1.38
8.23,5.48,6.18,6.21,5.82,1.27
9.26,8.34,4.17,7.86,8.89,1.43
4.88,9.72,7,5.73,3.01,1.43
6.34,2.18,7.75,6.1,6.68,5.34
6.52,4.57,7.19,5.94,6.68,1.05
2.12,4.67,4.52,4,5.18,5.45
6.61,7.43,7.8,6,5.62,9.24
4.2,9.72,6.63,5.6,7.16,9.51
3.04,2.43,6.09,5.26,7.08,1.76
4.83,7.89,9.11,6,7.12,1.54
1.81,4.44,4.49,2.98,4.2,8.81
6.76,5.18,7.93,5.56,3.64,9.13
5.66,6.36,7.69,5.88,5.7,5.12
5.69,9.9,7.14,5.91,4.71,2.57
3.28,4.39,7.37,5.1,8.97,1.38
4.7,1.48,6.95,5.67,5.66,1.49
4.39,8.98,8.73,5.55,4.08,5.77
2.97,4.62,5.73,4.83,3.61,9.4
1.77,2.44,3.7,2.96,3.84,5.23
7.42,5.49,7.63,6.58,3.88,5.17
4.42,9.64,6.95,5.96,4,9.95
5.73,1.07,8.01,5.28,5.11,2.41
5.51,7.74,8.74,5.65,6.92,9.3
8.07,8.54,6.67,6.21,6.64,5.61
1.35,1.97,4.62,2.67,6.84,5.77
4.59,7.16,7.43,5.23,7.51,9.13
6.34,8.62,7.55,5.83,4.39,5.55
4.48,6.23,7.8,5.8,6.13,9.46
4.53,5.21,8.81,5.71,9.49,1.7
5.73,8.39,8.69,5.46,3.49,1.11
3.87,8.79,7.01,5.34,6.05,9.13
9.72,9.36,3.3,8.93,5.74,5.5
8.73,9.26,5.54,7.55,8.93,1.27
9.93,6.3,3.36,8.97,5.62,1.11
1.77,2.49,4.43,3.09,6.96,9.35
5.49,1.03,7.38,5.51,3.64,9.67
6.15,3,9.58,5.43,3.88,5.5
4.61,6.33,8.19,5.67,3.72,8.59
8.55,8.7,5.03,7.19,5.62,1.05
6.67,4.84,7.26,5.55,4.32,1.65
4.24,7.23,6.9,5.94,2.46,1
7.28,8.54,7.18,5.99,5.3,5.66
5.25,5.2,7.1,5.79,8.46,1.92
8.34,8.3,6.23,6.77,5.66,1.54
3.63,8.36,6.02,5.28,6.92,9.24
3.17,8.02,5.82,5.08,8.97,1.87
6.36,9,6.62,5.68,6.25,9.51
7.9,5.48,6.39,6.55,5.58,9.19
9.04,8.28,4.91,7.71,8.54,1.87
3.76,7.74,6.98,5.36,6.72,1.11
5.03,1,7.63,5.65,7.47,1.22
6.08,3.36,7.87,5.96,7.51,8.59
5.66,8.57,8.91,5.43,8.97,1.7
7.94,8.59,6.72,6.28,4.83,5.17
6.91,8.44,7.34,6.05,1.87,1.98
3.89,3.13,7.2,5.46,4.75,8.59
8.31,9.34,6.67,6.62,7.43,5.66
7.09,2.41,7.5,5.5,4.36,9.62
8.2,1.98,6.28,6.49,7.04,5.61
4.48,6.23,7.3,5.61,5.7,5.34
6.12,6.93,8.23,6.18,2.58,1.33
1.99,1.87,4.26,4.09,5.46,1.05
2.62,2.3,5.89,5.16,6.17,2.41
4.81,8.57,7.45,5.87,5.62,9.13
5.25,7.15,7.63,5.78,6.8,5.28
9.39,9.59,4.71,8.15,8.11,1.11
5.45,4.39,7.97,5.77,7.39,9.51
3.93,9.59,7.37,5.32,5.82,1.11
3.8,3.44,6.92,5.41,4.67,1.27
6.89,3.85,6.52,5.91,4.08,8.7
6.19,2.36,7.56,5.87,6.68,1.11
5.64,1.05,7.96,5.45,6.57,5.17
6.89,3.85,7.35,5.93,5.62,9.4
6.47,7.66,7.08,5.49,9.96,1.54
2.31,1.84,6.41,3.75,6.64,5.72
3.87,7.31,8.22,5.83,7.51,1.76
8.18,6.89,5.37,6.43,7.12,5.55
6.06,3.41,8.73,5.42,4.28,5.28
9.45,8.23,4.77,8.21,5.18,8.97
6.15,8.66,7.74,5.83,8.62,1.65
4.37,8.56,7.9,5.93,7.32,9.46
6.65,7.26,8.23,6.01,1.87,1.54
5.38,7.11,8.44,5.53,4.67,9.46
5.45,2.15,7.48,5.32,7.43,1.76
6.15,6.23,8.56,5.51,5.11,9.19
9.58,9.72,4.67,8.66,6.21,9.51
6.12,8.52,8.69,5.97,9.96,2.3
9.76,9.56,3.5,8.83,3.68,9.24
9.96,6.59,3.69,9.08,7.24,9.46
5.25,5.15,8.03,5.71,6.01,5.72
4.83,2.2,8.03,5.31,7.43,1.33
6.85,2.39,7.69,5.86,4.67,1.65
6.96,3.59,7.02,5.51,3.64,9.73
6.41,8.98,8.84,5.66,5.26,5.17
9.85,9.36,3.7,8.64,1.12,1.76
3.85,9.36,7.55,5.66,6.96,1.54
6.04,2.44,7.83,6.31,9.21,1.98
5.31,1.02,8.34,5.7,6.88,1.49
2.62,1.93,5.75,4.19,5.07,1.11
7.66,8.7,7.19,5.62,7,9.13
8.34,6.93,6.13,6.68,4.75,1.22
5.14,4.66,7.73,5.5,7.51,8.81
4.81,9.72,8.22,5.37,5.78,1.11
3.61,6.79,7.16,5.38,3.88,1.05
5.07,9.93,7.61,5.5,5.11,1.92
9.65,7.87,3.12,8.55,5.66,5.77
4.59,8.51,7.3,5.74,7.75,2.03
3.21,2.34,6.89,5.13,4.83,5.28
9.23,9.26,4.72,7.73,3.01,1.49
6.41,4.44,6.75,5.57,4.83,5.55
4.02,8.7,7.08,5.45,7.08,5.5
5.31,8.87,8.76,5.57,6.68,1.87
3.85,8.02,6.8,5.3,3.29,1.05
3.98,9.44,7.16,5.73,6.96,9.57
3.23,8.8,5.91,5.23,9.17,1.98
6.89,8.62,8.14,5.91,6.21,5.17
1.57,1.79,4,2.69,4.67,2.08
4.74,7.02,7.47,5.65,7.79,1.98
6.04,6.28,7.77,5.72,3.17,1.05
3.1,8.05,6.61,5.01,4.2,5.77
5.77,6.87,7.71,5.9,4.99,9.08
9.28,9.39,5.42,7.87,4.24,9.78
4.79,7.15,7.74,5.96,3.49,5.45
4.59,1.54,8.67,5.69,2.38,1.05
2.95,2.54,6.75,5.51,3.84,1.16
2.69,4.9,5.99,4.32,5.62,9.73
4.77,6.33,7.25,5.54,2.34,1.11
7.07,6.9,6.82,5.93,4.75,5.72
5.55,8.51,7.96,5.8,9.41,1.81
4.2,8.97,6.75,5.55,5.58,9.24
2.69,4.92,6.15,4.55,5.11,1.7
3.82,8.72,7.16,5.13,5.22,5.39
1.35,3.1,2.64,2.41,9.49,1.49
6.17,9.1,8.27,6.04,1.2,1.27
5.25,8.75,7.78,5.78,7.08,1.7
4.04,9.72,7.64,5.53,3.84,9.95
5.69,6.36,7.29,5.71,4.16,9.84
2.88,8.43,5.81,4.9,6.57,1.43
2.66,6.56,6.14,4.91,4.71,2.14
5.64,8.52,7.13,5.55,4.36,5.61
3.76,9.28,7.29,5.1,9.45,1.54
4.55,6.28,7.98,5.32,7.51,8.75
9.91,9.34,3.35,9.31,10,2.52
5.25,5.18,8.24,5.83,5.54,1.05
4.35,5.56,7.63,5.5,10,1.11
1.02,1.85,2.18,1.29,4.28,5.39
9.12,5.54,5.66,7.8,6.41,9.02
3.78,9.66,7.9,5.21,3.88,9.95
4,8.69,8.18,5.59,4.83,4.8
6.93,8.57,7.58,5.97,7.63,1.92
6.28,6.57,7.2,5.41,5.11,8.97
4.59,8.49,8.03,5.53,5.18,8.59
2.97,8.67,5.5,4.59,6.17,1.33
4.88,4.82,7.79,5.48,7.43,1.98
8.45,7.49,5.88,7.13,7,1.92
6.76,4.02,7.5,6.03,8.3,1.49
7.35,5.49,7.18,5.43,5.18,4.96
4.64,9.07,7.51,5.75,4.71,2.19
6.52,8.82,7.41,5.38,4.04,2.03
8.73,9.39,4.71,7.32,7.43,1.76
2.29,4.77,4.78,4.58,8.54,1.65
6.19,8.85,8.66,5.55,6.21,1.22
8.8,5.51,5.74,7.23,7.43,1.54
5.69,8.62,8.22,5.67,3.13,1.05
7.68,2.23,7.8,6.4,5.38,5.72
4.59,1.98,7.3,5.76,5.78,1.98
6.04,4.43,8.18,5.75,6.21,8.64
4.35,8.69,7.33,5.35,5.22,5.77
5.6,6.85,7.97,5.99,3.92,5.61
8.2,8.44,6.22,6.48,6.96,4.9
8.99,9.87,5.33,7.53,9.41,1.81
1.68,2.16,3.42,2.81,7.47,5.23
6.12,7.3,8.04,5.87,1.36,1
5.6,8.57,8.83,5.75,5.42,5.72
2.49,5.28,5.55,4.42,7,5.77
5.84,1.08,7.47,6.15,5.42,1.16
6.74,7.95,7.03,5.43,3.64,9.78
3.3,2.3,5.95,5.5,1.2,1.43
5.58,9.98,7.41,5.53,3.01,1.6
5.77,8.61,7.55,5.99,5.86,5.66
3.15,3.2,6.3,5.07,7.59,1.87
9.87,8.89,3.43,9.14,2.34,1.54
6.04,3.95,7.11,6.23,4.67,1.7
8.8,8.15,5.81,7.23,1.83,2.41
4.46,5.33,6.82,5.6,4.79,5.72
4.24,7.23,7.87,5.45,5.82,5.61
4.37,7.77,7.71,5.72,9.41,1.38
5.38,8.62,7.03,5.53,4.2,8.75
7.22,1.82,6.46,5.85,5.03,8.64
4.37,2.48,6.69,5.47,9.41,1.43
5.77,8.61,7.93,5.61,7.43,1.81
2.93,2.57,5.85,4.82,3.41,5.5
4.53,8.59,7.56,5.72,6.76,4.9
5.91,4.41,7.36,5.78,7.12,1.11
6.76,5.15,8.62,5.61,3.64,10
9.19,9.13,4.18,7.68,5.7,5.07
8.88,9.85,4.84,7.04,3.68,9.57
3.54,7.79,7.19,5.59,3.13,1
4.77,2.02,7.84,5.67,7.47,8.92
5.47,9.1,7.38,5.61,3.88,5.34
4.55,8.52,6.79,5.89,1.36,1
5.49,7.16,6.7,5.77,5.7,2.03
7.55,1.89,6.34,5.99,5.58,9.78
6.63,4.77,8.26,5.73,6.96,1.49
3.1,3.16,5.92,5.47,10,1.87
8.58,8.69,5.1,6.87,6.17,1.76
3.34,4.34,6.39,4.96,5.7,5.61
4.83,7.15,7.56,5.79,3.92,1.05
2.36,6.11,5.02,3.75,4.87,4.96
1.88,4.49,4.79,3.21,2.5,1.05
1.24,3.46,2.11,2.19,5.78,5.34
7.26,5.49,7.89,6.41,4.83,5.34
7.2,5.48,8.36,5.84,7.83,5.77
5.69,8.46,8.35,5.32,5.07,1.81
3.74,3.77,7.5,5.45,5.46,5.77
3.34,7.97,5.14,5.18,1.87,1.98
3.69,3.85,8.07,5.51,6.68,1.98
5.58,8.46,7.56,5.86,6.53,1.43
6.01,7.05,7.81,5.99,2.42,1.05
6.82,2.34,6.71,5.9,6.88,5.83
8.51,6.7,4.52,6.93,2.26,1.81
9.98,9.16,3.9,9.53,5.78,9.57
5.25,5.18,8.99,5.76,6.13,8.64
2.38,5.51,5.79,4.68,7.47,1.98
6.96,3.61,7.38,6,1.08,1.81
3.28,2.31,6.05,5.54,4.71,9.4
6.96,2.51,6.9,5.58,6.25,9.51
5.4,7.05,8.14,5.47,2.3,1.11
5.42,6.84,7.21,5.56,7.47,8.54
8.29,9.57,6.01,6.63,5.5,5.72
9.41,8.2,4.22,8.39,7.43,1.76
4.81,9.89,8.93,5.9,4.99,9.02
2.88,2.9,6.35,5.06,4.67,1.6
6.45,5.97,7.3,5.44,3.84,5.12
2.99,2.41,6.56,5.07,3.49,1.7
3.43,4.28,7.18,4.98,3.64,10
5.86,8.25,8.43,5.85,3.68,9.35
1.83,1.8,3.61,3.26,4.71,1.98
5.73,8.44,8.68,5.59,8.89,1.22
6.91,3.31,7.22,5.94,5.18,4.96
6.54,8.48,8.79,5.65,4.36,1.16
4.64,6.85,7.16,5.68,5.74,5.12
5.84,9.82,7.99,5.79,1.91,1.05
4.28,7.21,7.49,5.35,3.49,5.66
1.39,3.02,3.44,2.39,6.72,1.49
4.02,9.08,7.7,5.5,9.25,1.98
6.15,6.23,7.42,5.79,5.07,8.75
8.73,9.28,5.21,7.1,6.53,5.12
4.74,2.07,8.7,5.65,6.96,8.86
6.21,7.95,5.76,5.78,4.2,1.11
8.75,5.49,4.84,7.01,5.58,8.64
4.77,4.92,6.97,5.64,3.8,5.34
3.43,3.33,7.6,5.6,3.33,1.11
6.63,9.07,6.87,5.83,3.41,4.85
9.39,5.61,3.82,8.14,1.08,1.65
1.26,3.41,2.89,1.78,6.53,1.49
8.25,8.05,6.05,6.2,4.71,1.33
3.3,4.38,6.42,4.83,8.97,1.54
6.26,2.44,7.6,5.86,5.7,4.85
2.8,6.62,6.19,4.51,6.88,1.49
3.61,8.43,6.19,5.28,8.93,1.76
9.12,9.8,4.57,7.49,2.93,1.33
3.72,3.41,7.22,5.29,2.62,1.27
5.69,6.85,8.16,5.9,3.61,8.86
4.55,2.28,8.4,5.3,3.88,9.95
4.31,2.52,7.62,5.14,7.71,5.72
7.37,1.79,7.56,5.88,6.25,4.9
5.86,6.41,7.26,5.61,9.45,1.11
2.51,6.39,6.09,4.45,5.26,4.85
4.53,8.54,8.09,5.82,3.88,1.16
6.89,5.41,7.23,5.91,3.8,1.38
6.19,4.23,9.91,5.69,4.75,8.64
5.71,9.92,8.12,5.62,4.71,1.76
5.25,8.15,8.11,5.68,6.29,8.64
7.83,8.62,7.59,6.31,8.5,1.54
6.41,2,8.28,5.4,6.21,1.92
6.36,8.1,7.57,5.41,9.29,1.98
2.03,1.97,4.96,3.81,6.25,9.46
5.18,4.8,8.67,5.73,6.33,9.51
7.88,1.92,7.4,6.7,7.47,1.33
4.68,1.13,7.03,5.89,3.45,1.92
2.2,4.72,5.15,4.38,4.32,9.19
2.86,8.48,5.41,5.02,6.25,5.12
4.92,6.84,8.66,5.66,1.36,1.22
5.55,6.84,7.39,5.84,3.25,1.11
2.05,2,4.45,3.74,6.25,5.23
5.58,7.75,7.86,5.88,5.58,9.57
2.95,3.03,6.73,4.89,5.74,4.85
4.7,8.34,7.49,5.48,4.36,1.27
6.78,1.93,7.52,5.89,1.91,2.3
4.39,8.51,7.25,5.72,5.14,2.46
8.31,9.38,5.36,6.53,6.64,9.19
2.91,2.61,5.65,4.61,6.21,1.92
8.23,2.02,4.95,6.37,3.84,4.8
2.38,2.16,5.38,4.25,5.11,1.7
2.84,4.75,5.59,5.07,3.49,5.28
5.91,6.36,7.02,5.64,3.64,9.35
4.44,8.52,7.27,6.18,4.32,1.33
4.74,7.15,7.47,5.49,5.07,1.33
9.96,6.56,3.37,9.43,6.57,1.33
4.46,8.56,8.25,5.63,7.55,1.87
7.57,2.25,6.96,5.67,4.67,8.7
5.18,4.79,7.44,5.69,4.28,5.01
9.26,9.36,4.09,7.9,4.71,8.75
8.18,1.95,5.44,6.37,8.14,1.87
7.11,2.41,6.98,6.11,3.88,1.92
1.24,3.72,4.54,1.81,9.21,1.92
6.96,8,8.13,6.05,7.08,1.87
6.45,1.61,6.96,6.02,5.18,9.19
9.56,5.57,2.74,8.28,3.13,1
8.34,9.23,6.03,6.55,7.43,1.43
8.73,9.49,5.38,6.83,5.82,1.33
5.6,9.87,7.67,5.66,6.25,5.28
6.21,2.52,7.65,5.59,6.21,5.55
7.7,5.49,6.36,5.72,6.64,9.3
6.56,8.51,7.53,5.71,6.21,5.55
5.2,5.43,7.84,5.4,4.04,1.05
4.2,6.43,6.41,5.61,4.32,4.85
4.09,2.79,7.21,5.74,6.13,9.35
6.87,3.15,7.6,5.75,3.64,9.89
3.98,2.95,7.55,5.44,8.93,1.6
2.38,6.15,5.59,4.51,4.39,5.55
4.85,6.31,8.08,5.75,6.17,5.5
7.13,8.84,7.92,6.08,2.62,1.43
9.06,5.44,4.32,7.33,7.51,5.23
2.36,2.31,5.03,4.14,4.2,9.84
7.28,2,5.57,5.8,5.62,8.97
6.65,7.23,8.1,5.5,4.63,8.75
8.12,2,6.7,6.54,3.92,8.64
2.66,2.34,6.08,4.56,5.58,9.08
4.24,6.41,7.16,5.52,5.7,5.17
5.36,7.87,7.72,6.22,6.41,8.64
3.58,8.66,6.83,5.26,9.41,1.11
5.8,1.08,7.65,5.64,6.92,5.72
8.88,8.54,5.82,6.99,8.11,1.54
1.57,2.77,2.94,2.75,5.11,1.87
1.55,2.1,3.37,3.01,6.33,8.54
9.98,9.13,3.32,9.45,6.37,9.57
5.99,8.69,7.22,5.55,4.36,4.96
6.08,8.9,6.67,5.63,5.97,5.72
2.69,4.9,5.88,4.53,9.45,1.81
7.22,6.89,7.01,6.13,5.54,9.4
5.55,2.2,7.61,5.74,8.89,1.54
8.09,8.52,6.25,6.44,6.92,1.05
8.07,1.9,6.69,6.3,5.62,1.11
4.42,9.72,7.66,5.95,9.92,2.3
9.34,5.59,5.64,7.93,5.34,5.61
7.59,5.49,7.72,6.22,4.43,5.61
6.12,8.89,8.36,5.53,6.57,1.65
6.26,9.38,7.72,5.62,6.96,9.24
4.68,8.64,7.2,5.43,6.45,8.64
5.45,7.69,8.71,5.81,2.5,1.49
6.65,5.66,8.33,5.58,8.58,1.7
9.96,9.07,3.12,9.33,6.61,8.64
4.37,6.38,6.97,5.37,5.62,8.92
7.13,8.16,6.79,5.85,3.61,9.62
6.3,8.72,7.53,6.03,7.12,5.61
5.4,7.05,7.96,5.76,8.18,1.92
4.35,5.56,8.01,5.3,8.26,1.98
1.28,3.26,3.1,2.53,8.03,1.54
9.23,9.28,4.26,7.74,4.36,1.22
6.63,7.34,7.7,5.41,6.57,5.55
3.52,6.97,6.74,4.94,6.45,9.46
8.29,8.34,6.42,6.64,10,2.41
4.42,8.67,7.69,5.44,6.92,9.24
4.92,9.89,8.38,5.49,2.22,1.81
6.74,4.03,6.96,5.88,1.32,1.05
1.44,2.21,2.29,2.36,6.76,1.05
4.07,2.82,7.8,5.35,5.74,8.54
8.29,6.92,5.8,6.62,7.08,1.54
9.63,9.15,4.64,8.65,5.38,5.72
8.23,2.08,6.93,6.27,6.8,1.05
4.64,6.33,7.21,5.55,4.28,1.43
6.56,7.79,7.73,5.66,3.41,5.01
3.74,8.18,6.26,5.25,6.61,5.34
8.23,1.98,5.96,6.15,3.45,1.65
2.95,4.64,7.47,4.79,5.97,5.72
2.86,8.52,5.9,4.52,5.7,9.51
6.08,8.39,7.99,6.05,8.03,1.7
6.34,7.16,7.23,5.59,4.36,1.54
6.93,3.44,8.47,5.68,3.53,1.81
6.3,7.84,8.75,5.32,6.57,5.12
6.28,6.13,6.77,5.68,1.16,1.65
3.04,4.59,5.79,4.93,2.38,1.11
4.99,1.02,8,5.58,3.05,1.22
6.19,9.59,7.56,5.85,5.11,9.3
4,7.95,7.85,5.34,9.96,1.6
8.45,8.87,6.74,6.67,5.78,5.45
5.36,2.28,8.21,5.61,9.45,1.22
9.23,9.56,4.63,8.1,3.8,5.17
1.33,1.79,2.71,1.96,5.54,9.67
6.17,4.21,8.08,5.99,7.04,5.34
5.69,9.9,6.77,5.62,3.01,1.16
6.15,2.97,7.98,5.93,6.17,5.55
3.78,3.48,6.85,5.59,6.92,9.51
4.57,8.66,7.15,5.65,7.39,9.51
5.69,9.9,7.75,5.87,1.08,1.6
4.94,8.79,7.88,5.81,8.22,1.05
4.42,9.72,8.57,5.56,3.53,1.11
3.58,8.59,6.54,5.37,6.88,4.85
1.24,3.7,2.4,1.71,7.16,1.65
4.94,6.84,8.16,6.07,6.84,1.98
6.65,7.16,7.62,5.97,1.87,1.38
6.26,6.15,7.6,5.81,5.5,1.65
5.77,8.66,7.64,5.97,6.21,5.72
6.36,9.02,7.45,5.81,1.87,1.54
5.38,7.1,7.1,5.55,5.22,5.23
9.69,9.3,3.63,8.38,5.14,9.02
2.01,1.93,4.53,3.69,4.28,1.6
6.85,5.39,8.1,5.28,3.64,9.57
6.12,6.25,9.29,5.55,7.55,5.61
6.06,6.93,7.72,5.79,9.01,1.81
7.74,2,5.84,6.02,7.47,9.13
2.03,2.39,4.56,3.34,8.62,1.7
9.76,8.52,3.48,9.32,5.22,5.5
3.67,3.92,7.52,5.18,5.74,5.23
7.24,8.75,7.91,5.64,5.66,8.59
8.47,7.51,4.52,6.63,5.26,5.55
7.7,2.02,7.16,5.84,4.32,8.97
3.98,2.93,6.68,5.6,5.46,1.05
3.19,2.36,6.7,5.23,6.21,1.65
6.89,2.59,7.97,5.67,4.12,1.11
8.62,9.54,5.7,6.93,1.87,1.54
5.66,9.84,7.48,5.87,7,5.28
1.33,3.16,2.72,2.09,6.17,5.55
4.07,9.72,7.38,5.52,4.36,1.05
5.62,8.39,7.59,5.63,6.49,9.46
9.32,5.57,3.85,8.04,6.21,1.6
6.52,5.87,7.96,5.91,8.26,1.49
6.19,2.62,7.85,5.64,1.55,1.92
6.5,8.87,7.64,5.74,9.41,1
3.21,6.84,5.91,5.01,7.47,1.43
6.28,4.33,8.17,5.75,2.58,1.11
4.74,7.02,7.37,6.12,4.75,1.87
1.57,2.26,3.87,2.69,5.58,5.77
5.16,9.72,7.03,5.72,5.14,1
6.1,3.26,7.48,5.28,9.41,1.11
4.2,9.54,6.63,5.46,5.54,9.78
2.91,2.36,5.54,4.86,1.83,2.36
5.8,9.61,7.37,5.93,1.87,1.6
1.83,2.34,4.62,3.73,4.36,4.85
4.94,6.84,7.71,5.71,5.54,8.81
4.55,5.2,7.95,5.82,4.32,1.33
6.56,1.93,7.67,5.52,2.62,1.38
6.39,4.44,7.79,5.17,4.32,5.07
3.17,4.46,6.57,5.2,4.28,5.34
6.32,2.38,6.35,5.41,1.2,1.49
2.75,2.07,5,4.42,3.88,4.9
6.21,2.59,7.01,6.08,5.58,8.59
3.8,7.57,7.35,5.75,6.68,5.28
2.99,2.52,5.49,4.73,6.61,1.33
6.72,4.93,8.04,5.87,5.54,5.72
2.62,4.98,5.73,4.69,3.88,5.39
8.05,2.18,5.8,6.67,2.42,1.54
8.64,8.18,5.28,7.09,7.08,1.65
2.55,5.1,5.33,4.25,3.84,10
2.84,2.33,6.36,4.78,3.88,1.43
7.79,5.49,7.05,5.75,3.88,1.38
5.71,9.93,8.33,5.76,8.5,1.11
3.23,8.56,6.22,5.14,4.36,9.02
6.65,7.26,7.76,5.44,7.67,5.72
5.29,6.31,8.22,5.94,5.18,2.41
4.88,8.1,7.64,5.69,3.61,8.86
5.42,8.62,8.37,5.85,2.42,1.49
6.85,2.74,7.79,5.7,8.5,1.92
9.96,6.62,3.04,9.16,6.92,8.59
1.79,2.33,4.02,3.01,1.2,1.33
8.42,8.97,6.5,6.43,8.26,1.54
6.63,7.84,7.88,5.72,7.55,5.61
6.56,8.49,6.74,5.6,4.28,9.73
3.08,8.07,5.58,5.07,5.58,8.64
9.96,6.49,3.03,9.36,1,1.92
5.6,8.44,9.04,5.79,4.08,1.98
5.88,7.74,7.29,5.36,6.57,9.08
5.91,3.85,7.21,5.57,5.62,1
2.75,6.61,6.48,5.11,4.87,4.9
3.5,7.11,6.86,5.17,5.07,1.43
2.49,4.93,5.52,4.36,4.63,5.83
4.39,8.49,7.26,5.74,5.22,5.61
4.22,6.02,8.77,5.81,3.45,1.49
4.07,8.51,8.03,5.31,9.21,1.98
6.65,7.13,6.71,5.74,4.83,9.51
4,7.95,7.64,5.19,6.21,9.46
6.91,8.8,7.05,6.09,5.58,8.75
9.21,9.7,5.42,7.76,4.36,5.12
6.63,6.98,6.45,5.59,4.43,5.61
1.31,3.92,2.53,2.04,3.09,1.11
7.13,8.16,6.33,5.72,7.04,1.11
5.8,9.61,7.45,5.83,8.34,1.98
5.45,6.84,8.6,5.67,5.66,1
9.96,6.51,3.18,9.36,5.07,1.76
4.66,6.33,7.3,5.64,7.71,1.92
2.84,4.75,5.02,4.85,7,9.3
6.19,8.62,8.49,5.68,6.96,8.97
2.55,6.43,5.71,4.56,4.32,1.38
4.5,8.67,7.49,5.5,5.66,1.98
1.31,3.25,3.16,2.59,2.97,1.92
6.72,4.98,8,5.73,3.88,10
6.28,9.05,8.29,5.59,6.61,1.54
5.88,7.21,8.08,5.66,5.86,1.22
4.22,6.13,7.69,5.2,4.79,5.12
5.97,2.46,8.04,5.66,9.96,2.08
6.96,3.57,7.2,5.78,3.61,9.13
9.23,9.26,4.09,8.27,6.57,5.55
3.78,9.67,8.26,5.61,9.45,1
6.28,9.36,7.79,5.42,6.17,1.16
3.87,9.61,6.69,5.63,5.82,9.57
8.14,2.15,7.29,6.55,5.58,8.97
5.49,8.61,8,5.33,5.7,5.5
4.64,1.16,8.56,5.21,3.92,8.54
2.42,5.41,5.64,4.03,5.42,9.51
4.74,7.08,7.34,5.28,6.17,2.41
5.8,8.49,8.73,5.5,7.04,1.92
8.71,8.66,5.49,7.06,4.36,1.43
3.96,7.54,7.91,4.99,5.58,8.92
3.28,8.26,5.25,5.25,3.68,8.64
6.98,8.61,7.94,5.29,4.32,5.07
3.54,7.77,7.94,5.66,1.51,1.54
4.77,2.1,7.18,5.84,8.46,1.05
1.96,2.38,5.5,3.5,5.14,9.08
4.68,9.05,7.86,5.67,8.97,1.43
5.71,8.52,7.47,5.28,4.75,5.66
6.23,9.64,8,5.51,1.51,1.76
9.1,5.46,4.4,7.62,4,1.98
5.58,2.25,8.62,5.83,1.28,1.16
6.5,8.33,7.09,5.74,7.51,5.66
7.81,1.98,7.04,6.25,3.41,5.07
5.97,2.46,7.75,5.74,1.95,2.41
4.92,1.02,9.15,5.44,4.36,1
6.58,2.28,8.36,5.57,3.01,1.6
7.57,1.85,7.01,6.21,7,1.92
2.36,6.1,6.2,4.2,5.7,4.96
7.77,1.8,6.22,6.37,5.22,5.55
4.46,2.41,5.37,5.17,6.57,5.61
5.03,6.84,8.09,5.51,3.61,8.86
6.69,9,7.12,5.76,6.96,9.13
8.45,8.74,5.77,6.48,7.47,4.85
3.34,2.05,5.52,5.33,6.21,5.45
4.96,8.1,6.44,5.31,7.08,5.34
6.5,5.9,8.53,5.88,6.57,5.55
9.76,8.77,3.77,9.12,3.88,10
5.42,8.1,8.53,6,5.66,9.57
9.26,9.34,4.24,7.83,3.88,1.27
7.74,8.66,7.22,6.13,5.5,9.51
8.4,7.2,6.49,6.32,7.47,1.43
6.96,3.61,7.49,6.24,6.33,9.51
7.15,6.89,6.52,5.83,7.47,5.72
2.86,2.77,6.93,4.85,5.54,5.83
5.95,2.41,9.14,5.4,6.13,8.86
9.69,7.67,3.67,8.72,5.22,5.39
9.47,5.49,4.56,8.37,4.71,1.38
4.13,8.74,7.28,5.65,3.61,8.64
3.85,7.84,6.99,5.35,6.61,9.24
3.21,8.57,6.25,5,6.13,2.41
8.2,7.98,6.92,6.65,4.75,1.05
4.83,8.1,8.03,5.36,3.01,1.81
9.56,5.56,5,8.08,6.8,1.05
3.58,6.84,6.91,5.51,3.68,8.97
9.78,8.79,4.01,8.65,5.78,4.96
9.26,9.33,4.09,8.02,9.96,2.08
9.26,9.34,4.44,7.9,4.12,2.03
2.42,5.41,4.8,4.23,2.58,1.43
4.57,7.61,7.42,5.71,7.47,8.64
6.91,2.56,8.34,5.88,4.28,1.49
6.85,1.92,7.78,5.46,3.61,8.7
4.11,9.72,6.89,5.64,7,1.05
4.88,9.89,8.07,5.76,8.97,1.05
4.46,9.77,7.46,5.76,3.45,5.17
4.64,1.16,7.76,5.41,7.43,1.33
1.02,1.93,2.08,1.37,2.97,1.87
7.2,1.82,7.54,5.66,5.78,5.23
3.74,8.16,6.65,5.4,5.14,9.19
6.63,9.08,8.33,6,1,2.03
5.66,8.56,8.47,5.59,7.71,2.03
5.45,4.39,8.57,5.73,5.58,8.59
5.55,8.25,7.65,5.62,3.49,1.22
2.93,6.72,6.12,4.65,8.58,1.76
5.73,8.43,8.31,5.4,8.07,1.49
1.44,2.03,4.09,2.33,8.54,1.49
4.59,9.69,7.87,5.84,4.32,5.72
6.32,2.38,8.17,5.79,6.64,9.24
5.93,2.34,8.73,5.34,6.61,9.08
6.23,9.66,7.31,5.5,5.78,5.61
5.14,9.72,7.26,6.04,5.78,5.28
8.4,8.25,6.56,6.44,2.42,1.54
4.53,2.33,8.26,5.48,4.83,9.02
4.7,1.57,7.6,5.58,1.91,1
9.39,8.18,4.16,8.22,2.26,1.76
5.47,4.36,7.56,5.89,6.61,4.96
9.15,5.48,4.97,7.69,2.42,1.49
4.22,6.13,6.77,5.45,1.24,1.11
6.74,5.28,8.27,5.55,5.14,9.08
7.79,5.49,6.7,5.58,1.47,1.7
1.57,2.79,4.34,2.65,4.28,5.61
2.86,2.82,5.11,4.92,2.22,1.65
3.69,6.69,5.75,5.16,3.45,5.12
1.31,3.93,3.61,2.12,5.11,1.11
1.35,1.95,3.64,2.32,2.26,1.11
5.69,8.54,7.46,5.54,7.51,1.7
7.64,6.87,7.19,5.56,4.99,9.46
8.36,6.93,5.76,6.75,6.17,1.43
5.64,7.67,8.57,5.41,5.7,9.46
4.57,1.52,8.06,5.74,7.47,5.55
6.85,2.72,6.68,6.01,1.55,1.7
5.27,2.34,7.45,6.11,2.42,1
6.04,3.46,7.25,5.91,4.63,8.75
2.07,2.39,4.22,3.79,4.71,1.38
3.52,4.18,7.53,5.16,4.71,1.65
5.84,4.41,8.13,5.95,6.61,1.87
4.44,8.49,8.06,5.51,4.32,1.16
3.76,3.7,7.59,5.63,5.54,9.46
4.99,6.84,7.54,5.66,4.16,9.78
6.43,1.95,7.15,5.63,3.01,1.11
3.45,3.33,6.43,5.13,3.88,1.87
6.74,5.26,7.12,5.68,5.66,5.77
2.38,1.84,4.62,4.38,3.53,1.05
4.5,5.26,6.9,5.62,4.36,1.49
4.66,8.64,7.44,5.89,5.5,9.46
5.93,8.26,8.68,6.02,4,1.54
3.87,7.34,7.21,5.2,6.64,5.66
8.95,9.87,4.9,7.27,4.32,9.57
4.81,8.59,8.04,4.89,3.88,4.96
7.33,2.28,7.41,5.66,9.45,1.6
3.36,8.05,7.1,5.04,8.5,1.49
6.47,8.89,7.21,6,7.04,1.54
5.4,1.02,8.17,5.56,6.05,8.92
1.94,4.54,5.05,3.13,3.68,8.92
6.87,5.39,7.89,5.94,6.72,1.05
6.56,8.62,7.52,6.27,2.97,1.92
1.5,2.23,3.74,2.37,4.28,9.46
8.36,7.87,5.93,6.5,5.58,8.86
6.41,2.02,8.52,5.79,7.08,1.81
6.56,8.51,8.27,5.99,9.45,1.49
8.31,7.9,5.6,6.53,5.54,9.78
4.09,8.43,7.21,5.53,3.45,6.15
7.28,8.52,6.98,5.8,7,8.54
4.61,7.72,7.58,5.64,6.68,5.28
8.29,9.46,5.8,6.67,9.49,1.05
8.34,8.3,5.59,6.53,3.84,1.38
6.58,7.8,7.49,5.98,2.62,1.43
7.22,8.31,6.99,5.86,3.45,6.1
6.28,6.13,7.46,5.7,3.96,5.66
5.47,10,8.29,5.53,2.93,1.7
2.88,8.74,6.32,4.89,1.08,1.81
9.96,6.72,3.93,9.43,4.24,9.84
9.74,8.13,3.33,8.62,6.61,5.66
6.17,2.84,8.08,5.28,6.17,1.43
4.55,8.66,7.29,5.97,1.91,1.7
6.21,9.67,7.31,6.04,4.16,8.75
6.54,1.93,7.94,5.73,7.63,1.92
6.43,1.79,7.12,5.42,1.63,2.03
4.99,1.02,7.16,5.99,3.49,1.27
5.95,8.3,7.64,5.68,6.92,8.92
5.8,7.64,8.49,5.67,4.16,1.05
8.45,7.38,7.14,7.08,1.08,1.98
6.45,1.75,8.61,5.68,7.08,1.49
5.51,8.93,8.61,5.59,6.53,1.65
4.39,2.46,6.93,5.53,6.92,1.92
5.66,7.72,8.43,5.72,5.66,2.03
9.39,8.18,4.47,8.19,5.7,2.03
2.91,2.59,5.65,4.94,6.84,4.85
9.93,6.34,2.46,9.71,6.09,5.77
6.3,9.44,7.45,6.15,4.16,1.11
2.97,2.54,5.56,5.26,4.91,9.57
5.73,9.84,6.65,5.99,8.93,1.81
8.51,9.66,6.64,6.87,9.41,1.33
9.21,5.52,4.45,7.47,2.42,2.03
7.18,1.82,7.49,5.68,9.92,1.05
9.78,8.23,2.89,8.8,5.54,9.84
7.02,2.36,6.61,5.87,4.91,9.57
9.91,7.07,3.49,9.52,4.75,2.52
6.04,2.44,7.96,6.25,7.51,5.28
8.73,9.18,5.53,7.46,5.18,5.77
9.47,5.48,4.12,8.05,3.05,1.16
7.53,1.89,5.55,5.78,5.03,8.7
5.29,8.85,6.66,6.07,6.92,9.02
2.6,5.03,5.45,4.32,9.49,1.11
6.54,2.25,7.57,5.94,7.08,4.85
4.42,2.44,7.96,5.94,4.83,4.96
3.82,7.48,8.38,5.32,4.36,9.08
4.42,8.62,7.53,5.44,4.36,9.02
9.34,8.25,4.29,8.11,3.49,5.34
6.58,6.87,6.95,5.83,5.58,9.78
5.14,9.03,7.72,5.72,5.58,9.57
8.73,9.39,5.25,6.68,2.38,1
4.24,5.9,7.76,5.99,1.87,1.7
4.11,8.95,7.97,5.18,3.45,4.9
8.4,8.05,6.19,6.89,7.47,1.81
4.48,6.36,6.64,5.43,1.87,1.6
4.39,5.46,7.24,5.66,6.45,8.54
3.87,7.39,8.08,5.46,1.12,1.81
1.04,2,1.97,2.06,6.17,2.3
3.91,9.7,7.47,5.61,1.87,1.92
3.93,9.59,7.82,5.42,4.79,9.51
3.56,7.74,7.69,5.13,8.89,2.03
7.88,6.87,6.91,6.41,1.87,1.65
3.5,7.08,7.44,5.35,4.32,9.62
5.71,8.43,8.04,5.79,5.58,9.13
9.76,8.67,3.08,8.95,4.32,1.81
6.34,8.08,7.43,5.63,4.32,5.5
8.73,9.46,5.03,7.15,7.47,9.08
3.52,9.07,6.72,5.53,8.42,1.92
2.66,6.56,6.27,4.34,3.84,5.39
6.98,8.61,7.19,5.6,7.47,1.76
6.32,7.07,7.79,5.63,2.34,1.6
4.5,8.62,7.83,5.97,5.14,9.13
4.24,9.57,7.06,5.56,9.41,1.87
4.68,8.31,8.36,5.71,8.14,1.54
3.96,7.92,8.24,5.23,4.67,8.86
8.47,7.62,6.34,6.6,8.93,1
6.21,9.69,8.19,5.66,6.8,5.34
3.63,6.77,7.06,5.16,4.91,9.51
1.33,4,2.9,2.47,2.46,1.11
9.67,7.97,4.01,8.68,5.82,8.59
3.74,7.56,6.62,5.62,3.53,1.7
2.99,2.41,6.84,4.91,4.99,9.08
4.02,8.93,6.65,5.61,5.14,1.11
5.77,6.87,6.96,5.85,5.03,9.51
4.53,8.52,7.86,5.74,5.82,8.59
6.08,3.38,7.49,5.56,5.74,1.49
5.53,9.85,7.75,5.92,4.39,5.55
5.03,9.92,8.12,5.89,6.41,9.51
4.79,1.8,8.52,5.42,6.64,5.66
6.3,8.72,7.21,5.58,4.32,9.4
2.91,8.31,5.76,5.26,6.13,9.35
8.14,8.8,6.61,6.61,4.75,1.98
6.87,1.9,7.25,5.96,6.41,8.54
6.69,5.52,7.98,6.01,6.61,5.12
7.13,5.48,8.17,6.12,2.34,1.92
7.57,5.49,5.97,6.09,9.49,1.11
4.61,6.34,7.39,5.64,9.17,1.92
7.99,6.87,6.36,6.75,5.54,1.65
8.14,8.51,6.74,6.36,2.22,1.76
4.57,8.59,7.9,5.97,2.3,1.81
3.19,8.82,7.21,5.13,6.96,9.51
6.32,7.46,8.18,5.58,1.87,2.46
6.34,7.57,8.49,5.66,3.68,9.51
9.8,8.8,2.9,9.14,6.53,1.38
8.16,2.13,5.68,6.42,5.07,8.75
5.2,4.59,8.29,5.73,6.21,8.7
2.34,5.75,5.49,4.07,6.88,5.77
3.23,8.48,6.86,5.11,3.8,5.07
4.22,6,6.35,5.52,1.91,1.54
4.42,8.59,7.32,5.67,3.84,1.87
6.93,3.79,7.94,5.95,3.8,5.01
4.66,8.59,8.71,5.85,5.86,1.38
4.64,9.07,7.29,5.66,8.89,1.43
3.26,8.59,6.8,5.21,4.67,2.03
6.72,8.98,7.61,5.46,7.08,5.34
7.66,2.13,7.28,6.11,8.22,1.54
6.21,1.21,7.83,5.7,3.01,1.92
5.27,8.07,7.4,5.61,3.49,6.15
4.53,8.67,7.46,5.57,4.95,9.02
4.11,9.72,7.1,5.59,5.5,5.72
5.95,2.38,8.87,6.08,4.79,5.39
4.13,9.1,6.26,5.52,4.67,1.38
4.24,5.92,6.97,5.72,8.07,1.22
4.74,1.34,7.82,5.63,8.89,1.27
5.2,9.72,9.04,5.89,6.61,9.13
9.76,5.85,3.61,8.89,5.62,9.02
9.08,8.34,2.53,7.59,7.51,5.39
5.84,8.25,8.12,5.77,3.96,9.89
5.86,4.41,8.11,5.72,8.11,1.16
3.01,2.43,6.71,4.85,4.75,2.08
2.97,2.54,5.77,4.39,3.49,1.43
4.92,8.9,6.93,5.88,4.71,2.25
4.88,8.93,8.21,5.66,7.43,1.6
3.78,3.51,7.14,5.26,2.46,1.49
9.23,9.31,4.66,7.58,5.11,1.49
5.82,9.61,7.38,5.96,5.62,8.64
4.2,7.23,7.28,5.76,3.8,5.07
6.36,7.77,8.06,5.75,6.53,5.12
8.16,1.93,6.23,6.54,6.53,5.5
6.91,8.39,7.41,5.58,8.54,1.6
6.39,6.66,7.58,5.68,7.51,8.59
9.69,5.75,3.1,8.91,5.42,5.77
7.46,2.1,7,5.6,5.18,5.17
2.34,5.69,4.01,4.34,5.54,1.11
5.64,7.67,8.3,5.41,7.04,5.61
5.47,6.84,7.71,5.88,1.91,1.6
9.98,9.11,2.99,9.43,5.07,1.92
2.4,6.23,6.02,3.95,4.36,5.28
2.97,2.54,6.26,4.93,10,2.03
5.95,3.87,7.9,5.92,3.61,9.57
2.97,2.1,6.43,4.54,4.79,5.34
1.64,4.31,3.31,2.8,4.79,5.61
9.1,8.36,5.12,7.45,4.24,1.54
4.57,2.23,6.27,6.05,5.58,1.6
4.96,6.31,8.37,5.73,4.87,4.96
6.85,2.9,6.67,5.85,7.28,9.51
5.97,2.46,7.8,5.88,5.78,9.51
6.36,9.02,7.46,6.22,4.28,8.86
5.93,8.93,6.75,5.74,2.54,1.49
4.7,1.1,7.07,5.32,5.14,8.81
6.3,6.59,7.88,5.8,6.13,2.36
4.96,7.84,7.39,5.84,7.47,2.03
4.59,1.98,7.89,5.57,4.2,1.92
8.42,8.2,5.63,6.97,3.41,6.2
6.23,9.39,7.73,5.62,1.04,2.03
4.81,2.16,9.18,6.2,5.14,1.27
6.23,1.23,7.89,5.9,4.36,1.6
9.08,5.49,4.39,7.53,3.88,5.34
3.52,7.8,6.61,5.08,7.43,1.27
4.66,9.05,7.62,5.56,2.46,1.98
6.69,1.95,7.68,5.96,3.29,1.05
8.47,7.64,4.4,7.03,5.11,8.59
6.96,3.66,7.28,5.4,3.84,1.22
7.5,1.9,6.87,5.94,2.97,1.27
5.58,4.26,7.76,5.74,4.16,5.72
3.69,3.87,7.36,5.58,5.74,5.34
4.74,6.95,7.45,5.61,3.68,8.86
6.41,1.39,7.81,5.62,7.36,9.46
3.01,8.66,6.78,4.97,3.45,1.38
6.12,3.13,7.89,5.85,8.07,1.7
9.82,8.82,4.26,9.08,4.71,1.54
8.4,7.84,6.66,6.36,4.16,9.84
9.26,8.33,5.17,7.69,8.14,1.11
5.82,8.44,6.81,5.7,7.43,5.72
6.1,8.61,8.35,5.67,3.21,1.05
1.44,2.95,3.58,2.31,9.96,2.3
2.86,8.64,6.35,4.91,5.74,5.17
5.69,6.36,8.71,6.04,5.58,1.54
6.69,7.9,6.93,5.9,10,2.03
4.35,6.39,7.05,5.57,7.55,1.87
7.66,8.7,6.79,6,3.45,1.81
5.18,9.05,8.67,5.96,7.43,5.23
3.96,2.98,7.92,5.57,3.68,9.51
2.31,4.79,4.74,4.33,3.45,1.6
9.36,5.59,4,8.26,10,2.41
1.24,3.7,3.55,2.06,8.93,1.65
3.87,6.57,7.95,5.11,8.54,1.7
2.88,8.43,6.69,4.7,2.97,1.7
5.88,7.8,7.64,5.41,4.32,5.61
5.05,9.93,8.14,5.65,7.04,1.49
9.12,5.57,4.73,8.15,6.92,8.92
4.33,5.64,7.65,5.29,8.97,1.6
5.55,8.49,8.57,5.64,3.45,1.43
4.57,8.48,8.08,5.68,4.67,1.92
4.81,8.57,7.56,5.74,8.11,1.11
8.03,8.84,6.09,6.67,9.96,1.22
6.76,5.2,7.64,5.5,5.26,5.72
9.23,9.49,3.99,7.74,6.17,1.7
8.77,5.49,4.98,7.13,7.47,4.96
5.64,8.59,8.14,5.95,4.32,1.6
1.39,3.05,2.81,2.3,6.92,5.72
6.21,2.57,7.6,5.81,7.51,4.85
2.93,2.38,7.38,5.01,3.84,5.01
4.83,9.98,6.93,5.75,6.8,5.83
8.36,8.28,6.04,6.86,7.16,1.6
6.21,6.52,8.52,5.38,4.67,2.19
6.15,9.59,8.7,5.61,6.72,1.98
9.82,8.82,3.79,9.1,4.67,1.87
5.88,8.43,8.05,5.57,5.11,2.03
8.88,8.13,4.65,7.64,4.47,5.66
3.76,3.66,5.89,5.38,6.17,5.45
9.72,9.69,3.38,9.06,6.09,5.72
4.07,8.67,7.39,5.49,5.42,9.46
5.97,8.92,7.69,5.97,7.51,4.96
8.45,5.48,5.66,6.58,3.49,4.96
5.62,8.49,7.7,5.95,4.32,5.34
4.55,1.38,9.01,6.15,3.49,1.43
9.06,5.44,4.22,7.45,8.46,1.49
9.74,9.3,3.46,8.68,4.2,1.92
5.42,7.66,7.19,5.79,5.11,8.92
1.7,4.38,4.09,3.01,3.61,8.92
6.36,4.26,8.82,5.94,3.41,6.2
5.73,8.52,7.68,5.65,5.58,9.13
9.96,9.3,3.5,9.58,3.8,5.28
5.36,8.08,7.81,5.8,9.49,1.38
6.3,2.23,8.8,5.7,5.11,2.3
7.64,2.23,8.23,5.36,6.09,8.75
6.93,8.57,8.53,6.06,5.26,4.9
6.89,3.85,7.47,5.9,6.92,9.08
8.12,8.8,6.18,6.25,6.25,5.12
7.77,8.84,7.4,6.08,8.93,1.81
9.82,7.3,3.57,8.82,3.68,9.24
5.62,8.57,7.86,5.71,8.89,1.16
5.88,8.48,8.68,5.44,3.49,4.96
3.21,2.34,6.31,4.62,4.71,2.52
9.82,8.34,1.5,9.12,3.8,5.45
6.32,7.46,7.48,5.95,3.68,9.95
4.53,8.62,8.62,5.39,3.41,5.66
6.76,5.34,7.21,5.78,5.07,9.08
1.26,3.8,3.83,2.3,5.54,9.08
6.65,7.16,8.12,5.73,5.18,5.61
2.8,6.62,4.99,4.76,3.92,1.49
3.8,3.41,7.09,4.95,1.08,1.6
9.23,9.57,3.39,7.61,3.64,8.7
8.45,7.79,5.78,6.82,1.08,1.6
6.85,2.79,7.03,5.55,4.87,5.23
4.18,2.67,8.24,5.78,6.17,1.54
8.42,7.26,5.83,6.33,2.93,1.92
5.03,2.15,8.11,5.7,4.32,1.22
3.93,3.03,7.16,5.46,5.62,1.49
5.77,6.87,7.81,5.56,3.41,5.12
5.93,2.33,7.98,6.05,7.16,9.46
6.21,2.61,7.72,6.04,5.74,9.57
6.47,5.93,7.53,5.77,4.32,5.66
6.54,8.48,7.51,5.37,2.3,1.92
4.64,8.48,7.5,5.75,7.32,9.57
6.74,7.98,6.93,5.53,7.59,5.72
8.36,9.18,5.09,6.73,7.71,1.92
9.72,8.41,3.59,8.87,2.97,1.16
4.26,7.21,8.77,5.69,3.84,4.8
4.37,2.48,7.36,5.66,1.32,1.05
6.21,6.18,7.93,5.75,5.62,9.51
2.97,3.08,5.74,5.1,7.47,9.19
9.93,6.33,3.28,9.48,4.28,5.55
4.53,8.61,6.99,5.43,6.53,5.28
4.77,1.97,7.19,5.59,4.95,9.51
4.79,7.7,8.64,5.35,4.32,8.86
6.58,2.28,8.47,5.48,1.36,1.11
1.77,2.18,4.38,3.33,6.61,5.01
5.88,8.44,7.78,5.87,6.01,9.08
6.08,8.39,7.87,5.62,8.93,1.76
7.92,2.2,5.56,6.3,3.53,1.81
6.85,8.79,7.87,5.84,7.16,5.39
3.58,8.54,6.93,5.24,9.92,1.54
5.64,7.93,8.19,5.82,7.43,1.27
5.62,9.85,8.33,5.54,6.76,1.11
5.66,8.23,7.99,5.96,8.62,1.65
4.57,9.85,7.54,5.75,5.18,4.9
8.34,9.25,6.69,6.51,4.16,8.7
4.59,7.95,6.94,5.4,1.47,1.65
10,9.2,2.9,9.65,5.62,5.66
3.08,6.79,7.05,4.71,4.71,1.7
3.26,8.59,5.39,4.96,4.99,8.59
7.26,5.49,7.74,5.56,8.89,1.81
2.73,2.34,6.54,4.73,6.88,1.98
5.25,4.56,8.59,5.38,6.88,4.8
3.52,9.08,6.81,5.11,5.11,1.11
3.76,3.61,5.96,5.25,6.17,5.72
6.56,8.61,8.09,5.54,5.7,4.85
2.2,4.72,4.2,4.02,4.16,5.83
1.44,2.21,3.11,2.24,10,2.3
2.93,2.57,6.78,4.96,3.8,4.9
8.42,6.95,5.3,6.7,1.24,1.33
4.53,8.43,7.74,5.91,6.57,5.28
4.11,2.75,7.37,5.89,6.72,4.85
6.15,6.21,6.89,6.06,5.54,8.97
6.15,2.9,6.31,5.91,4.79,4.9
3.56,7.74,7.22,5.52,5.78,1.92
5.25,5.2,7.59,5.48,6.92,1.11
5.66,1.05,7.92,5.66,8.07,1.33
4.94,2.21,7.37,5.51,5.14,8.7
9.06,8.3,4.39,7.27,3.64,8.81
9.52,9.02,3.59,8.25,7.75,1.92
5.86,8.25,7.63,5.58,3.45,6.26
6.8,6.93,7.23,5.56,4.79,5.72
5.14,9.95,7.33,5.82,3.61,8.75
7.2,2.03,7.44,5.67,1.39,1.16
4.61,6.33,7.28,5.23,7.71,5.72
4.88,8.7,8.2,5.91,5.74,5.55
9.74,8.46,4.19,8.75,4.32,5.61
6.52,8.34,8.48,5.7,5.07,1.81
1.35,1.8,3.23,1.99,9.92,2.03
4.55,9.84,7.22,5.75,3.88,9.89
5.58,8.51,7.57,5.78,4.79,5.66
4.74,7.11,7.47,5.64,4.75,2.08
9.5,9.69,3.96,8.61,7.51,8.81
7.61,6.87,7.5,5.85,9.49,1.33
5.77,9.84,8.47,5.66,2.46,1.11
6.56,4.16,7.85,5.63,7,9.24
7.04,2.39,7.86,5.8,4.47,5.72
7.37,1.97,6.96,5.91,4.36,1.7
4.26,7.21,7.73,5.66,4.16,1.92
5.71,8.43,8.29,5.41,1.28,1.22
6.91,2.56,7.29,5.75,4.16,5.77
7.77,5.49,7.48,6.34,9.49,1.43
9.76,9.44,3.65,8.64,7.59,5.61
5.97,7.18,6.87,5.99,6.64,5.72
4.81,9.89,8.07,5.67,5.62,9.13
6.15,4.43,8.69,5.74,5.54,9.62
5.01,8.08,7.66,5.22,2.42,1.11
5.8,6.39,8.19,6.22,4.79,4.9
4.94,9.72,7.27,5.84,3.64,8.92
4.55,9.85,7.64,5.67,6.53,1.49
2.38,2.16,5.5,3.91,5.54,9.02
8.4,7.2,6.13,6.81,5.82,1.38
9.69,7.67,4.21,9.03,6.29,9.51
3.32,6.89,6.37,5.34,7.47,5.28
5.55,8.49,7.52,5.3,9.96,1.54
6.91,3.31,7.34,5.43,3.41,5.61
5.09,1,8.34,5.4,1.87,1.7
3.52,6.97,7.79,5.26,9.96,2.19
4.37,8.28,7.51,5.91,6.96,8.81
8.58,8.1,5.55,6.72,5.14,1.65
8.29,9.57,5.91,6.21,7.2,9.46
8.4,9.08,3.84,6.36,9.96,1.49
3.39,8,6.53,5.29,6.84,1.11
8.25,6.9,6.29,6.74,5.14,1.76
6.26,2.46,6.98,5.81,3.8,5.34
3.93,7.92,5.9,5.76,6.92,9.3
4.79,1.26,7.41,5.68,2.93,1.33
5.88,3.84,8.37,5.46,3.68,8.7
6.85,2.95,7.34,6.07,7.08,1.05
8.2,8.79,6,6.55,1.47,1.7
7.13,6.9,7.57,6.25,5.22,4.8
5.4,6.93,8.36,5.7,5.82,5.66
7.15,1.84,6.78,5.9,1.91,1.27
4.68,7.16,8.82,5.43,4.04,1.49
6.65,7.25,7.5,5.79,6.21,5.5
6.56,4.18,8.01,5.84,5.11,8.64
4.13,8.97,8.26,5.44,3.88,5.07
2.36,2.33,4.44,3.99,4.87,5.45
4.55,1.48,7.53,5.58,7.51,5.77
1.28,3.3,3.72,2.12,6.49,9.02
5.4,7.05,8.34,5.44,7.47,1.38
6.96,2.38,7.08,5.98,7.04,5.72
10,9.18,2.17,9.24,6.21,4.85
4.46,9.08,7.01,5.87,4.24,1.16
4.28,5.75,8.52,5.71,5.46,1.76
4.85,4.84,9.19,5.39,3.92,9.89
6.96,1.89,6.93,5.58,4.67,2.52
5.73,8.95,8.76,5.57,4.12,5.77
4.64,6.33,7.09,5.63,1.24,1.11
8.36,9.16,5.97,6.77,8.3,2.03
8.4,7.13,5.88,7.07,3.61,9.24
4.83,8.95,7.65,5.89,5.82,9.46
1.48,2.07,3.3,2.29,6.53,9.02
6.43,7.7,7.36,5.66,6.53,9.51
9.5,5.56,3.26,7.85,6.76,1.11
4.79,8.46,8.47,6.1,5.74,4.85
6.54,8.41,8.64,5.95,7.75,5.77
9.82,9.34,2.13,9.14,6.64,5.01
5.77,8.54,7.72,5.52,3.45,1.6
3.82,8.62,8.11,5.32,5.62,9.19
5.62,2.34,8.41,5.87,5.58,9.4
8.27,6.92,7.06,6.78,4.28,9.78
5.86,4.41,7.58,6.08,4.87,8.54
4.79,1.72,6.95,5.69,2.34,1.54
5.66,7.72,8.99,5.54,10,1.65
8.07,2.03,6.81,6.34,7.47,5.5
6.26,6.98,7.88,5.51,8.14,1.49
7,8.84,6.9,6.01,1.47,1.54
6.36,8.1,7.99,5.6,4.28,8.92
4.37,6.16,7.07,5.4,7.08,1.87
7.42,2.26,6.85,6.03,7.51,5.23
9.65,9.72,2.81,8.82,4.12,1.54
7.74,2.11,7.09,6.08,5.22,5.72
8.69,9.39,5.75,7.39,2.58,1.22
9.74,9.66,3.63,8.83,8.22,1.11
7.88,5.48,5.8,6.37,8.18,1.49
4.55,6.34,6.9,5.67,7.04,5.66
5.64,4.43,9.07,6,6.17,1.27
6.65,5.64,7.88,6.05,4.83,4.8
3.8,8.69,7.56,5.25,7.04,1.92
6.85,8.74,7.62,5.98,1.91,1.49
5.55,8.25,7.37,5.43,6.45,9.08
4.77,7.15,7.75,5.54,3.49,5.61
3.21,3.23,5.49,5.04,3.53,2.03
6.15,8.87,7.86,5.4,10,1.49
7.88,2.1,6.45,6.27,7.51,8.92
5.66,7.59,7.55,5.47,5.22,4.8
8.62,5.49,5.9,7.24,4.71,8.86
9.65,7.87,5.14,8.77,4.79,9.02
4.28,6.9,7.44,5.56,9.96,1.43
9.96,6.48,3.56,9.67,5.14,9.24
6.74,8.93,8.24,5.74,3.45,1.16
3.19,2.36,5.87,4.96,5.5,9.46
7.35,6.87,8.24,6.06,4.75,1.11
5.77,8.66,8.92,5.49,9.41,1.05
4.79,8.46,7.68,5.76,7.43,9.3
3.36,8.87,6.11,5.18,3.45,1.33
5.62,2.34,7.23,5.79,4.28,5.72
6.17,8.87,7.42,5.46,4,8.64
6.93,3.43,7.8,6.08,3.45,1.11
4.44,8.51,7.29,5.58,2.97,1.65
6.36,1.34,6.24,6.1,4.28,1.43
4.79,7.7,8.32,5.98,3.84,5.77
8.6,6.61,4.82,7,4.08,1.54
5.53,8.49,7.09,5.73,10,2.19
5.69,8.48,7.83,5.79,6.05,5.72
9.67,5.72,3.58,8.61,4.79,5.28
7.83,1.97,6.62,6.18,3.8,8.54
1.53,1.79,3.45,2.72,5.38,9.51
1.44,4.15,3.34,2.61,5.14,1.22
1.15,1.8,3.75,1.45,5.26,5.5
4.79,1.3,7.63,5.59,8.54,1.76
5.34,8.89,7.97,5.33,4.28,1.27
3.63,8.82,6.81,5.14,7.67,1.92
4.83,7.15,8.71,5.75,6.17,5.17
5.73,8.49,8.82,5.85,7.12,5.45
8.07,2.16,5.68,6.72,7.08,5.66
6.19,2.66,6.83,5.51,1.47,1.6
9.74,5.8,2.29,9.14,6.68,1.49
6.32,9.34,7.92,5.7,3.72,10
4.39,2.46,7.8,5.45,2.97,1.33
3.58,8.52,7.1,5.32,8.03,1.65
2.14,1.82,5.03,3.77,6.84,5.34
7.59,1.8,6.91,6.26,6.21,5.72
3.1,2.38,6.05,5.19,3.84,1.92
5.51,2.18,8.83,5.31,6.45,8.54
4.96,8.1,7.47,5.17,6.96,8.64
4.39,7.74,7.79,5.48,1.83,2.36
6.63,7.36,7.13,5.62,1.91,2.36
6.63,7.34,8.77,5.61,3.01,1.65
6.96,5.43,7.62,5.72,5.07,1.38
3.19,8.59,6.71,4.98,7.28,9.57
5.71,9.95,7.17,5.62,3.68,10
2.12,2.05,3.96,3.73,3.49,1.05
3.23,8.51,7.37,5.43,3.53,1.33
5.03,7.82,8.57,5.44,6.72,1.54
6.69,2.33,7.5,5.58,6.92,9.02
4.81,8.54,7.67,5.81,9.41,1.49
6.89,6.92,7.72,5.66,6.25,8.64
5.71,8.49,8.9,5.8,7.43,1.43
4.92,8.72,8.72,5.73,7.43,1.92
3.5,7.18,7.4,5.18,9.41,1.54
9.58,9.11,3.98,8.52,4.04,9.89
6.89,6.92,7.62,5.71,6.96,8.92
2.36,5.61,5.55,4.11,1.24,1.16
4.9,8.92,6.4,5.66,1.91,1.43
5.27,7.15,7.93,5.88,8.11,1.49
2.29,4.79,4.16,4.39,6.21,2.03
4.46,8.98,8.26,5.45,3.84,5.23
7.09,8.1,7.5,5.82,1.2,1.49
5.2,2.31,8.45,5.49,5.74,5.66
2.34,5.79,5.34,4.18,4.32,4.96
5.71,8.56,8.03,5.68,8.03,1.33
2.14,2.34,3.37,3.72,8.58,1.54
5.69,8.46,8.61,5.66,4.04,2.03
5.42,4.43,8.93,5.71,6.57,5.07
8.55,8.13,6.03,6.86,7.08,5.61
4.22,6.18,8.55,5.42,8.62,1.6
5.2,4.92,7.92,5.41,8.07,1.43
4.74,4.95,7.67,5.92,5.11,9.3
3.93,7,7.29,5.67,7.63,1.98
4.77,7.92,8.05,5.45,4.2,8.7
2.69,4.9,5.18,4.33,5.14,1.6
7.55,5.49,6.95,6.08,8.89,1.22
6.93,3.46,7.38,5.34,7.51,9.19
9.85,8.34,3,9.65,3.96,9.95
6.85,2.39,7.85,5.66,6.25,2.41
2.38,5.56,5.99,4.1,6.25,9.51
3.82,8.05,6.13,5.44,6.64,1.87
3.82,7.51,6.95,5.46,6.64,5.28
6.1,8.44,8.54,5.58,6.25,5.17
1.9,1.8,3.55,3.27,6.01,9.08
5.53,4.3,7.99,5.37,7,9.51
6.26,7,7.56,6.13,7.08,5.39
2.27,1.82,5.28,3.96,8.62,1.65
4.88,9.72,9.12,5.72,6.92,9.19
5.75,9.84,7.88,5.48,3.45,5.72
4.07,9.49,8.55,5.67,5.18,4.96
6.43,1.54,8.27,5.46,5.54,9.62
7.85,6.87,6.97,6.19,8.07,1.87
6.45,1.64,8.9,5.7,5.54,5.72
6.21,7.95,7.35,5.6,3.68,9.4
6.98,2.49,6.32,6.12,3.45,4.96
3.56,7.74,6.9,5.11,5.07,9.46
9.5,5.59,4.68,8.1,3.01,1.92
6.45,7.51,9.11,5.53,6.01,5.77
5.8,7.64,8.51,5.16,9.96,2.03
5.77,4,7.89,5.69,3.49,5.45
9.47,5.48,4.08,8.03,5.18,8.59
6.15,4.18,8.15,5.52,8.07,1.27
4.96,1.02,7.79,5.39,8.22,1.11
5.6,8.48,8.18,5.6,3.61,9.78
6.32,2.2,8.33,5.62,5.5,1.05
8.93,9.87,5.73,7.29,7.47,5.39
6.41,9.28,7.35,5.84,4.67,1.65
9.69,9.23,2.81,8.82,4.36,5.34
6.04,6.97,8.62,5.96,1.47,1.49
7.07,5.46,7.71,6.02,5.78,9.46
4.26,6.05,6.38,5.29,8.07,1.54
5.66,8.57,7.96,5.8,2.26,1.87
5.12,9.03,8.24,5.13,7.51,8.92
3.54,7.39,7.51,4.93,1.12,1.43
1.46,4.16,3.96,2.54,7.47,4.9
4.37,7.8,6.93,5.93,2.5,1.98
6.21,6.16,8.35,6.07,1.12,1.65
5.91,1.1,6.78,5.94,9.41,1.27
4.77,8.97,6.92,5.72,6.01,5.77
9.19,9.75,4.73,7.51,7.43,9.35
8.82,8.15,5.23,7.16,4.79,5.66
8.07,2.05,5.83,6.48,3.64,8.54
3.67,6.74,8.4,5.49,2.26,1.92
4.18,2.67,6.74,5.46,3.64,9.84
5.45,8.92,7.8,5.11,3.21,1
6.15,9.61,7.2,5.24,5.5,1.76
8.29,9.61,5.79,6.29,9.41,1.11
8.09,2.16,5.56,6.43,4.71,8.7
8.55,8.7,5.91,7.14,5.54,9.24
9.08,5.48,4.31,7.41,7,8.75
4.15,6.44,7.54,5.7,1.32,1.05
3.63,3.39,6.99,5.17,4.39,9.24
4.55,8.48,8.32,5.79,6.61,8.59
4.31,6.1,6.93,5.42,8.89,1.33
5.8,8.62,6.79,5.88,8.93,1.27
1.94,4.54,4.51,3.52,1.59,1.81
8.14,1.97,6.51,6.15,5.62,9.51
5.93,2.33,7.39,6.01,5.07,1.16
6.15,8.66,8.57,5.55,6.61,5.66
9.76,8.66,3.9,8.99,3.8,5.55
2.01,1.89,5.32,3.64,8.03,1.22
5.58,6.34,6.55,5.49,3.64,9.08
1.46,2.21,2.32,2.12,5.62,9.35
3.82,7.08,7.47,5.33,8.97,1.05
5.58,2.23,8.41,5.35,6.61,1.76
3.08,6.79,5.69,4.99,9.92,2.46
7.09,8.84,6.83,5.91,5.86,1.33
4.31,6.1,7.35,5.67,4.75,5.77
6.21,8.84,8.35,5.81,8.97,1.49
4.77,6.85,7.7,5.6,2.34,1.05
4.39,7.2,8.34,5.51,7.2,9.51
4.46,8.43,7.62,5.57,5.58,8.81
8.4,9.08,5.27,6.76,4.2,9.78
1.02,1.97,1.16,1.49,4.36,4.8
8.09,2.16,6.26,6.69,4.99,9.46
4.74,6.93,7.53,5.8,3.84,5.28
4.74,1.36,8.84,5.87,6.05,8.97
7.59,2.07,6.71,6.2,5.5,1.92
4.61,1.54,8.13,5.44,5.74,1.54
6.43,2,9.12,5.7,4.28,9.57
4.94,7.85,8.17,5.6,8.07,1.38
8.77,8.16,5.38,7.12,9.96,2.03
6.3,9.05,8.29,5.62,5.82,5.66
2.84,2.08,6.32,4.74,6.25,5.12
7.64,2.16,7.55,6.15,3.68,9.73
4.2,6.92,6.8,5.66,7.71,1.98
5.97,9.54,7.95,5.92,4.71,9.02
9.76,8.54,3.41,8.79,1.91,2.36
9.56,5.57,3.68,8.69,5.14,1.7
8.58,8.1,5.74,7.12,8.38,1.05
2.14,2.34,3.81,3.86,3.64,8.7
5.6,7.16,7.48,5.66,6.72,1.92
5.16,2.16,7.9,5.96,9.49,1.33
4.53,1.43,7.44,5.31,5.58,1.05
5.82,3.93,8.35,5.93,5.7,1.54
1.81,4.46,4.51,3.68,5.62,9.51
1.28,3.85,2.92,1.96,4.87,5.07
4.77,2,7.69,5.39,4.75,9.02
6.45,9.23,7.5,6,3.49,5.34
7.22,1.82,7.08,6.02,5.82,1.16
6.52,9.18,8.05,6.06,4.67,1.49
2.55,5.1,4.95,4.31,9.41,1.05
5.64,7.59,7.35,5.54,1.43,1.27
3.87,7.34,7.42,5.31,7.99,1.43
7.7,2.02,6.18,5.96,2.58,1.92
4.37,7.84,7.63,5.24,7.51,5.17
7.57,1.85,8.29,5.81,5.58,1.98
6.91,8.8,6.65,5.81,6.57,1.49
4.5,6.36,7.75,5.54,2.22,1.16
4.59,8.52,7.57,5.66,8.97,1.65
5.88,8.43,8.52,5.78,5.54,5.72
8.4,6.98,5.91,6.75,3.88,5.28
6.5,2.25,8.97,5.54,6.25,4.8
4.53,8.43,7.67,5.8,6.92,4.9
5.91,8.93,7.63,5.45,7.79,1.92
8.64,9.48,5.43,7,6.96,8.7
5.66,8.95,7.15,6.08,6.09,9.3
4.28,6.07,7.26,5.8,5.54,9.13
6.3,8.72,7.64,5.96,4.95,9.57
3.5,7.02,6.25,5.09,7.47,5.01
9.74,9.41,3.61,8.75,8.46,1.92
8.45,7.77,5.75,6.54,8.34,1.05
5.97,3.62,7.93,5.64,6.17,1.33
5.71,8.95,8.44,5.57,1.87,2.46
2.36,5.59,5.04,3.82,3.8,5.55
5.88,8.67,7.16,5.57,7.32,9.46
8.53,8.16,6.34,6.8,8.34,1.98
4.92,9.89,7.66,5.74,3.96,8.64
6.63,6.93,7.8,5.93,3.88,5.07
4.57,8.62,7.95,5.54,5.14,1.16
4.55,5.2,7.75,5.59,5.62,9.02
6.58,2.28,8.59,5.7,5.11,1.43
5.62,8.23,8.31,5.81,4.28,5.66
9.67,7.72,4.16,8.92,4.67,8.97
1.26,3.34,1.7,2.02,6.61,5.07
2.6,1.93,5.54,4.45,6.57,9.35
5.07,8.16,7.03,5.89,5.7,4.8
3.3,4.38,7.03,4.92,5.86,5.66
2.34,5.72,4.75,4.01,6.76,5.72
4.18,7.11,7.97,5.39,7.47,9.3
5.38,4.46,7.76,5.56,8.22,1.49
4.11,6.95,8.45,5.08,5.11,1.38
5.77,8.54,7.97,5.8,4.51,5.77
7.77,2,6.76,6.19,4.75,1.43
1.24,3.72,2.49,1.6,3.96,1.11
5.86,8.44,7.14,5.7,3.41,5.34
8.25,7.95,6.85,6.56,8.54,1.81
6.12,9.46,7.08,5.6,4.28,9.57
5.38,7.15,7.12,5.88,7.08,9.35
5.42,7.9,7.51,5.81,6.25,4.96
8.69,9.39,4.79,7.11,4.79,9.51
5.64,8.48,7.12,5.52,6.57,5.45
6.41,1.38,7.17,5.56,8.93,1.16
5.27,8.8,8.03,5.73,1.55,1.87
4.09,8.44,7.84,5.02,5.14,1.33
6.28,6.57,8.03,5.67,4.51,5.72
4.28,5.72,7.11,5.64,5.07,1.27
4.37,6.16,7.38,5.75,6.88,1.49
3.06,2.48,7.14,4.97,8.07,1.54
6.54,6.82,5.82,5.9,6.21,5.61
6.5,7.62,7.57,5.57,6.33,8.59
9.47,9.69,3.65,8.61,4.16,5.77
4.64,8.52,8.04,5.89,6.96,9.02
6.34,4.26,7.57,5.87,7,9.08
6.41,7.72,7.29,5.64,4.16,8.7
4.83,9.72,8.4,5.98,5.11,1.05
6.85,2.72,7.28,5.72,3.45,1.27
4.18,7.25,6.62,5.56,7.04,1.81
4.26,6.05,7.81,5.58,6.01,9.02
6.45,1.77,7.78,5.93,9.29,2.03
8.29,9.46,7.2,6.49,6.8,4.9
4.59,1.54,7.74,5.14,6.17,9.02
2.51,2.28,4.89,4.4,6.25,4.96
4.09,2.79,7.81,5.17,5.11,9.24
4.79,8.43,7.96,5.51,4.75,2.14
7.64,2.16,7.43,6.08,4.2,5.77
5.86,7.84,7.14,5.62,5.18,5.72
2.6,2.26,6.05,4.49,2.58,1.22
4.64,8.62,8.01,5.85,5.14,8.92
4.46,9.66,7.01,5.58,9.92,1.49
5.4,7.15,9.01,5.86,4.28,9.73
2.03,2.39,4.59,3.79,4.87,5.28
6.26,6.15,8.26,5.66,3.84,4.9
4.39,6.89,7.06,5.33,5.11,1.76
7.88,2.1,6.42,6.18,7.47,1.65
5.62,9.11,8.38,5.79,3.68,9.78
6.04,6.46,8.78,5.51,3.45,4.8
6.12,3.16,7.1,5.36,6.96,8.54
4.59,1.28,7.13,5.33,3.64,9.84
4.37,7.75,7.37,5.93,4.87,5.39
9.12,9.8,5.28,7.66,6.17,1.22
3.85,7.43,7.23,5.6,6.17,1.6
5.25,1,7.51,5.36,5.26,5.34
6.28,8.02,7.55,6,6.8,1.54
6.56,1.93,7.36,5.61,9.96,2.36
3.5,7.28,7.25,5.06,3.13,1.11
8.71,9.23,5.37,6.71,3.68,8.86
5.12,1,8.27,5.46,4.36,1.11
8.64,9.51,5.83,6.89,4.87,5.01
5.66,8.51,7.87,6.01,7.51,5.72
6.21,1.21,7.43,5.85,6.25,5.55
2.95,4.64,6.75,4.62,4.75,2.36
3.39,4.31,7.21,5.55,4.36,1
1.88,4.51,4.38,3.2,4.39,9.3
4.04,7.28,7.57,5.56,1.04,1.98
8.2,8.05,7.32,6.58,10,2.03
5.18,8.13,8.61,5.43,7.47,9.08
6.01,1.13,8.14,5.55,8.5,1.87
4.11,9.1,8.61,5.78,6.92,9.4
5.25,5.11,9.2,5.81,4.67,1.76
5.88,7.21,8.99,5.6,6.21,2.3
6.45,4.49,7.27,5.71,5.86,1.92
4.92,8.9,8.6,5.77,6.21,4.9
3.17,6.82,5.6,4.96,4.91,9.08
4.5,2.36,7.76,5.85,7.47,5.61
5.55,8.44,7.1,5.69,5.62,8.7
4.96,8.18,8.88,5.26,5.22,4.96
5.91,8.49,7.78,6.17,3.41,5.07
6.45,1.74,8.37,5.63,4.83,5.17
1.74,2.56,4.74,3.08,4.2,9.78
5.42,8.1,8.29,5.71,1.91,1.38
8.51,6.7,5.25,7.07,5.66,1.11
6.63,7.33,7.85,5.71,1.04,1.81
9.96,6.66,3.11,9.71,6.21,5.07
6.15,2.92,9.11,5.84,9.92,1.87
6.96,2.51,7.17,5.92,1.87,1.76
8.69,6.51,4.19,6.94,3.96,5.72
7.66,8.74,7.18,5.89,5.54,9.78
5.58,8.43,8.72,5.49,7,8.92
4.02,8.7,7.39,5.02,1.04,1.92
1.24,3.43,2.36,1.82,6.84,1
2.49,5.23,5.65,4.3,6.37,8.59
3.65,8.85,6.35,5.16,5.07,2.41
5.53,9.85,7.85,6.14,4.28,4.85
8.14,1.97,6.31,6.34,4.24,8.81
4.59,6.31,7.37,5.85,4.28,9.62
6.32,8.07,8.61,5.77,6.72,5.34
3.52,7.38,6.46,5.05,7.47,5.61
9.63,8.33,3.22,8.82,5.11,1.81
3.82,3.3,6.56,5.69,3.68,8.92
2.86,2.77,5.94,4.76,4.79,5.23
4.59,8.59,7.27,5.74,1.55,1.81
2.01,1.89,5.34,3.47,8.97,1.16
6.65,7.23,7.28,5.75,7.51,8.86
4.48,8.54,6.88,5.58,6.29,9.08
5.75,8.51,6.79,5.6,4.28,1.16
5.99,8.69,7.12,5.95,5.07,1.33
9.69,8.33,4.01,8.59,3.61,9.95
2.09,2.38,4.31,3.75,6.21,5.39
4.64,7.62,6.77,5.5,3.53,1.7
4.64,5.07,7.21,5.58,5.14,9.35
5.99,3.57,7.75,5.38,5.14,9.19
4.66,6.85,8.17,5.78,7.43,9.35
4.81,9.72,8.2,5.59,6.92,8.7
4.88,4.82,8.02,5.32,4.67,1.81
2.88,2.67,6.64,4.86,3.49,5.72
8.25,6.9,5.91,6.63,7.24,9.51
6.28,7.85,7.32,5.78,6.33,9.08
3.78,3.44,6.41,5.3,5.26,5.39
4.24,5.95,7.9,5.38,6.61,1.7
1.7,2.62,4.36,3.25,4.67,9.4
6.08,8.39,7.1,5.72,8.07,1.22
6.3,4.26,7.8,5.98,8.11,1.16
3.43,7.92,7.17,5.14,4.87,5.07
9.04,5.43,4.31,7.41,5.14,9.3
6.32,2.25,8.12,5.55,5.66,1
8.47,7.69,5.97,7.02,6.13,9.4
1.66,2.28,3.72,2.68,4.99,9.51
6.69,4.08,6.94,5.61,6.13,9.3
1.28,3.26,3.29,2.23,10,1.54
2.82,2.08,5.89,4.79,6.17,5.61
4.74,7.07,8.44,5.78,4.71,8.75
8.75,5.49,6.28,6.93,8.58,1.11
5.62,8.48,8.54,5.87,7.12,1.65
8.45,7.79,5.51,6.54,7.12,5.55
5.53,9.1,8.84,5.61,9.96,2.36
6.34,2.18,8.18,5.52,5.7,1.98
6.43,1.9,7.7,5.52,9.96,2.41
8.23,5.48,5.67,6.37,7.47,1.54
1.24,3.67,3.59,2.18,3.45,1.05
1.18,2.1,3.18,1.82,1.24,1.22
4.59,8.62,7.46,5.46,9.92,1.16
5.8,1.08,9.04,5.51,4.71,9.02
7.48,2.08,6.47,6.16,6.76,4.9
3.63,8.38,7.26,4.88,7,8.86
7.26,2.28,7.14,5.81,4.36,1.6
5.84,8.48,8.15,6.09,2.38,1.05
5.14,2.11,8.82,5.83,6.64,1.54
5.75,8.46,7.98,5.79,4.99,9.51
5.55,9.98,8.16,5.84,8.46,1.11
4.39,9.08,7.48,6.15,6.57,8.59
6.52,6.77,8.01,5.6,7.43,2.03
5.42,2.21,7.5,5.62,4.71,1.11
3.04,4.59,6.65,5.12,3.49,1.65
5.14,7.8,7.8,5.57,8.07,1.81
3.36,2.16,5.81,5.14,6.21,1.65
8.62,8.67,4.4,6.78,6.96,9.19
5.99,3.57,8.29,5.72,6.76,1.49
3.63,8.34,7.27,4.97,8.3,2.03
6.21,8.84,7.04,5.81,3.84,8.54
5.93,1.1,8.27,5.68,1.43,1.27
6.21,2.59,7.12,5.86,3.01,1.33
5.4,8.46,7.28,5.88,5.26,4.96
4.55,1.36,7.89,5.58,4.95,8.64
8.73,6.48,5.36,6.99,9.49,1.54
2.47,5.3,4.99,4.35,4.75,8.64
4.26,5.82,7.15,5.22,6.21,5.12
5.62,7.74,7.83,6,9.33,1.98
3.82,8.62,6.71,5.58,5.78,1.38
6.91,6.92,7.33,5.79,8.97,1.22
9.45,5.66,3.58,7.66,8.42,1.05
3.54,7.75,7.75,5.41,3.53,1.43
4.9,8.1,7.88,5.52,1.47,1.54
3.52,7.38,6.54,5.25,3.45,1.38
2.34,6.03,5.32,4.08,3.92,8.59
2.64,1.98,6.18,4.23,4.91,8.59
5.88,7.74,8.08,5.42,6.57,5.12
2.42,5.39,4.74,4.18,9.45,1.11
8.64,9.51,4.32,7.27,7,9.13
9.19,9.74,4.94,7.81,4.75,2.46
4.81,6.31,7.88,5.91,7.08,5.28
5.47,8.31,7.8,5.12,6.61,5.23
2.34,5.74,5.31,3.67,2.34,1.6
8.51,8.05,5.23,6.96,6.53,9.08
6.34,4.39,8.02,5.88,5.07,9.4
4.46,8.98,7.86,5.72,6.96,8.59
9.74,8.11,3.03,8.84,3.49,1.38
6.91,8.39,7.14,5.98,6.61,1.38
6.74,4.98,7.52,5.46,1.2,1.22
6.39,2.1,8.7,5.57,9.21,1.92
5.6,8.61,7.28,5.94,3.8,4.8
7.64,1.79,6.82,6.03,6.41,8.59
6.91,3.82,7.84,5.7,3.45,5.28
2.95,6.72,6.48,5.04,3.01,1.27
5.38,7.11,7.98,5.5,7.47,5.77
3.85,8.75,6.46,5.56,7.99,1.7
7.31,1.8,7.56,6.29,3.45,4.96
8.31,8.05,6.25,6.82,3.84,5.12
6.54,4.62,7.73,5.79,3.61,9.67
6.17,7.31,9.36,5.61,4.32,1.65
3.17,3.21,6.14,4.86,2.97,1.43
3.82,7.23,7.45,5.66,4.95,9.51
7.2,8.8,7.18,5.82,3.96,1.54
8.6,8.08,5.64,6.83,6.92,8.75
3.58,8.54,7.02,5.29,3.61,9.3
9.93,6.28,2.57,9.17,8.62,1.7
5.62,1.05,7.32,6,6.8,1.49
5.66,8.56,7.89,5.7,1.04,1.76
8.4,7.11,5.69,6.99,6.25,4.96
2.95,4.66,7.1,4.52,8.97,1.65
8.62,6.57,5.03,6.89,3.72,10
6.41,7.54,7.14,5.5,6.09,9.35
5.86,7.69,8.5,5.82,5.46,1.81
9.12,8.38,4.73,7.92,6.72,1.05
5.66,7.59,7.85,5.58,8.58,1.81
8.36,9.23,5.69,6.61,7,1.54
5.58,8.46,6.99,6.1,4.79,8.59
6.96,5.43,7.96,5.82,6.96,8.86
2.95,4.66,5.61,5.01,4.28,5.77
8.64,8.67,3.88,7.41,5.54,8.86
4.46,7.93,7.52,5.37,1.87,1.22
6.69,4.9,7.28,5.8,4.67,5.77
4.59,8.28,8.06,5.48,6.09,9.3
5.8,9.13,7.72,5.54,1.91,1.92
5.23,7.15,7.96,5.44,4.12,9.84
2.14,2.34,4.35,3.79,4.59,5.77
9.74,8.46,4.05,8.74,4.95,9.57
6.52,7.61,7.62,5.82,7.04,1.11
6.21,7.95,7.23,5.53,4.87,9.46
3.3,2.3,6.99,5.17,3.72,8.54
4.53,1.43,7.78,5.13,8.07,1.65
9.87,7.16,3.77,9.34,4.36,1.38
6.06,8.67,7.99,5.8,5.22,5.55
1.77,2.48,3.42,3.32,1.51,1.87
1.33,3.98,4.41,2.11,2.97,1.87
7.5,2.25,6.57,5.86,6.17,2.46
4.68,9.93,7.11,5.62,4.36,9.4
7.7,8.8,7.21,6.65,1.28,1.22
7.59,6.87,6.22,5.93,7.51,5.72
5.14,9.72,8.65,5.15,3.64,8.97
6.34,8.57,8.25,5.3,6.96,9.02
5.2,4.95,7.87,5.32,3.37,1.11
4.53,8.61,7.42,6.01,4.36,5.23
7.28,8.49,7.17,6.17,6.25,5.39
2.86,8.46,6.13,5.04,4.83,5.66
6.87,2.66,7.55,5.35,4.36,9.3
8.05,2.18,6.37,6.3,2.54,1.98
8.4,7.13,6.24,6.76,8.14,1.05
4.37,5.49,7.86,5.8,8.11,1.22
8.97,8.43,4.47,7.18,7.43,4.96
3.8,7.18,6.77,4.92,5.11,1.87
4.74,2.03,8.04,5.45,1.08,1.76
6.21,7.92,7.46,5.54,5.11,8.81
6.56,8.72,8.19,6.15,4.83,9.02
4.92,9.03,8.62,5.86,4.75,5.66
3.98,8.9,6.78,5.37,8.89,1.27
6.06,3.39,8,5.29,3.88,5.55
6.47,4.54,7.74,5.59,8.89,1.65
4.57,1.52,8.35,5.6,5.22,5.28
7.57,1.84,6.65,5.67,4.32,1.7
5.71,8.51,7.2,5.59,3.45,5.61
4.53,6.26,7.73,5.92,1.87,1.05
3.58,8.7,6.81,5.27,6.41,9.51
1.79,4.43,5.83,3.1,5.5,5.77
8.55,9.64,4.91,6.75,8.03,1.81
7.83,2.11,6.36,6.15,1.12,1.65
5.58,8.51,8.27,5.57,2.46,1.98
8.47,6.79,6.47,6.73,8.89,1.16
6.82,8.79,7.32,5.86,9.49,1.6
8.66,8.66,4.88,7.09,4.32,1.7
2.34,5.92,3.71,4.17,6.88,1.05
5.55,8.46,8.6,5.7,6.45,8.64
6.76,5.2,8.44,5.8,4.2,8.81
5.18,6.84,6.85,5.62,6.61,1.27
2.97,8.67,6.12,5.04,3.49,4.9
8.2,5.48,5.47,6.54,8.97,1.54
4.79,8.46,8.69,5.79,9.96,2.19
6.67,9.03,7.09,5.99,4.16,1.54
7.68,8.77,7.55,6.33,8.18,1.92
4.53,8.52,7.99,5.87,4.75,1.87
8.62,9.52,4.4,7.19,1.63,1.98
3.89,9.38,7.84,5.65,7.51,5.5
3.85,7.31,6.59,5.49,5.7,8.54
1.99,2.38,4.51,3.72,8.97,1.81
4.24,9.08,7.2,5.69,2.22,1.76
5.66,8.23,7.17,5.75,7.47,1.81
4.74,2.03,8.38,5.63,4.67,8.97
2.01,1.89,3.99,3.63,6.8,5.77
2.45,5.33,5.89,4.39,4.71,5.72
3.36,2.2,6.54,5.06,7.47,1.16
6.5,4.2,7.68,5.62,6.21,5.01
7.04,2.44,6.87,5.78,4.32,1.05
5.25,5.2,7.26,5.94,4.67,1.6
3.3,2.03,6.69,5.48,6.8,1.11
7.2,8.79,7.61,5.39,9.05,1.92
4.18,8.36,7.84,5.76,7.67,1.98
4.94,9.9,7.96,5.58,9.92,1.7
9.74,8.75,4.44,9.16,8.62,1.54
5.58,8.48,7.3,5.64,5.86,1.33
8.2,8.79,6.84,6.52,2.97,1.49
5.75,8.38,7.91,5.49,3.61,9.35
4.61,8.51,7.45,5.27,7,9.24
5.93,3.74,9.51,5.84,4.67,2.14
1.28,3.85,3.28,2.07,6.29,9.02
5.84,4.41,8.29,5.82,6.84,1
6.19,9.7,7.98,5.72,4.47,5.72
4.09,6.46,7.47,5.28,1.91,1.49
4.74,1.36,7.21,5.64,6.05,9.3
8.73,9.28,4.9,7.45,6.61,9.02
4.5,8.62,9.02,5.7,3.01,1.49
5.18,2.2,8.13,5.48,4.32,9.51
6.93,2.39,7.99,6.17,1.91,1.16
8.55,9.62,4.93,7.08,3.76,10
5.69,8.52,7.14,5.47,5.74,9.46
4.11,8.72,7.3,5.6,5.54,1.05
5.58,7.75,6.71,5.55,8.14,1.92
6.91,8.39,7.18,5.7,5.3,5.66
3.36,8.87,5.84,4.98,3.49,5.12
5.29,9.07,9.09,5.37,7.83,5.72
6.17,4.43,7.2,5.87,4.79,9.46
9.23,5.52,4.04,8.07,3.64,9.51
5.51,2.16,8.15,5.47,3.45,5.61
8.34,9.25,5.01,6.75,1.43,1.33
6.72,6.93,6.77,5.49,9.92,2.14
7.88,1.84,5.91,6.11,5.26,5.55
5.62,8.51,8.1,5.54,4.24,1.54
6.15,4.16,7.09,6.02,4,1.92
6.12,3.13,8.77,5.24,4.71,1.87
6.5,8.33,7.97,5.75,4.28,5.23
1.11,2.05,4.03,2.02,3.88,5.45
6.45,7.67,7.5,5.67,1.43,1.33
9.5,8.26,4.18,8.59,6.41,8.54
4.64,8.98,8.54,5.72,8.89,1.92
1.24,3.59,2.95,1.69,8.07,1.76
2.07,2.39,4.44,3.69,3.01,1.49
5.23,4.98,7.62,5.71,4.71,2.36
6.04,3.46,8.08,5.59,3.64,9.95
8.73,9.46,6.25,6.91,6.37,8.59
6.15,9.59,8.03,5.92,5.89,1.27
2.55,5.11,6,4.78,4.79,4.85
1.44,4.15,4.06,2.5,2.93,1.33
4.57,9.85,8.21,5.63,7.51,9.3
8.2,7.98,6.89,7.03,5.66,5.72
4.13,9.72,7.66,5.65,6.13,9.08
5.25,5.11,8.19,5.55,1.51,1.81
6.76,4,6.68,5.58,5.7,8.54
6.96,3.59,7.18,5.85,7.47,1
6.85,2.95,8.14,5.71,3.88,5.61
4.79,1.74,7.87,5.3,2.26,1.92
3.3,8.18,5.99,4.98,6.25,5.55
4.53,8.62,7.05,5.51,8.89,1.7
5.91,8.49,6.53,5.95,5.58,1.6
8.38,9.69,6.26,6.38,4.12,8.64
4.74,7,7.25,5.31,4.28,9.57
6.21,6.52,7.38,5.54,9.45,1
6.15,2.93,7.9,5.45,3.53,1.22
1.7,2.3,3.46,2.93,5.89,5.77
4.57,9.07,7.05,5.61,7,1.98
5.38,8.62,7.26,5.39,3.8,5.23
9.67,7.98,4.32,8.68,1.08,1.81
3.28,8.79,6.86,5.42,5.7,5.72
8.73,9.48,4.37,7.2,3.53,1.98
8.49,6.75,5.07,7.02,4.24,5.66
5.14,9.03,9.11,5.53,9.92,2.52
9.01,8.26,4.38,7.79,4.28,8.81
3.69,9.23,8.23,5,5.11,1.49
6.65,7.15,7.95,5.8,6.01,5.72
8.58,8.11,5.36,6.93,5.86,1.16
5.42,8.38,6.96,5.39,8.93,1.65
9.78,5.89,2.9,8.97,4.36,5.17
3.3,2.3,7.25,4.75,4.67,2.19
9.23,9.59,4.99,7.7,6.64,5.61
8.4,8.05,7.15,6.6,2.97,1.22
6.1,9.48,9.57,6.13,1.87,1.65
7.81,8.62,7.21,6.14,5.58,1.11
4.92,9.03,7.74,5.51,5.11,2.41
2.62,2.33,5.54,4.53,10,1.92
9.67,7.77,4.52,8.84,4.32,9.57
2.23,2.3,5.44,4.2,6.17,1.38
6.93,3.39,7.54,5.95,5.26,5.28
3.69,8.21,5.77,5.6,1,1.98
5.53,1.03,7.96,5.54,3.68,9.4
6.45,1.61,7.81,5.64,6.84,1.54
4.42,8.59,7.02,5.61,8.5,1.54
5.05,6.84,8.02,5.82,8.54,1.76
1.24,3.43,2.63,2.37,3.53,1.54
6.15,6.23,7.61,5.77,6.72,4.85
